word,rank,frequency,cefr_level,sfi
the,1,609536897,A1,87.85
be,2,485288500,A1,86.86
and,3,307609681,A1,84.88
of,4,301300602,A1,84.79
to,5,292415238,A1,84.66
a,6,278612117,A1,84.45
in,7,211348904,A1,83.25
have,8,142232879,A1,81.53
it,9,137720947,A1,81.39
you,10,128233058,A1,81.08
he,11,110153931,A1,80.42
for,12,100230524,A1,80.01
they,13,97723722,A1,79.9
not,14,94841846,A1,79.77
that,15,86496792,A1,79.37
we,16,83945999,A1,79.24
on,17,77624712,A1,78.9
with,18,73790423,A1,78.68
this,19,69984200,A1,78.45
i,20,68233869,A1,78.34
do,21,68076936,A1,78.33
as,22,67452803,A1,78.29
at,23,55718575,A1,77.46
she,24,51999600,A1,77.16
but,25,50815944,A1,77.06
from,26,46025657,A1,76.63
by,27,43251383,A1,76.36
will,28,41975898,A1,76.23
or,29,40644333,A1,76.09
say,30,34276779,A1,75.35
go,31,32583670,A1,75.13
so,32,32284941,A1,75.09
all,33,31768741,A1,75.02
if,34,30060763,A1,74.78
one,35,29991625,A1,74.77
would,36,29991625,A1,74.77
about,37,29648314,A1,74.72
can,38,28906799,A1,74.61
which,39,28840315,A1,74.6
there,40,28183829,A1,74.5
know,41,26363314,A1,74.21
more,42,26302680,A1,74.2
get,43,25703958,A1,74.1
who,44,25351286,A1,74.04
like,45,24660393,A1,73.92
when,46,24322040,A1,73.86
think,47,24322040,A1,73.86
make,48,23604782,A1,73.73
time,49,23014418,A1,73.62
see,50,22284351,A1,73.48
what,51,22029265,A1,73.43
up,52,21478305,A1,73.32
some,53,21281390,A1,73.28
other,54,20989399,A1,73.22
out,55,20653802,A1,73.15
good,56,20370421,A1,73.09
people,57,20183664,A1,73.05
year,58,19498446,A1,72.9
take,59,18749945,A1,72.73
no,60,18535316,A1,72.68
well,61,18365383,A1,72.64
because,62,18238957,A1,72.61
very,63,17906059,A1,72.53
just,64,17498467,A1,72.43
come,65,16943378,A1,72.29
could,66,16865530,A1,72.27
work,67,16749429,A1,72.24
use,68,16557700,A1,72.19
than,69,15922087,A1,72.02
now,70,15631476,A1,71.94
then,71,15523870,A1,71.91
also,72,15523870,A1,71.91
into,73,14791084,A1,71.7
only,74,14757065,A1,71.69
look,75,13708818,A1,71.37
want,76,13520726,A1,71.31
give,77,13304544,A1,71.24
first,78,13212956,A1,71.21
new,79,12882496,A1,71.1
way,80,12793813,A1,71.07
find,81,12359474,A1,70.92
over,82,12359474,A1,70.92
any,83,12246162,A1,70.88
after,84,12105981,A1,70.83
day,85,11885022,A1,70.75
where,86,11885022,A1,70.75
thing,87,11614486,A1,70.65
most,88,11455129,A1,70.59
should,89,11324004,A1,70.54
need,90,11297959,A1,70.53
much,91,11246050,A1,70.51
right,92,11142945,A1,70.47
how,93,10939564,A1,70.39
back,94,10519619,A1,70.22
mean,95,10209395,A1,70.09
even,96,9885531,A1,69.95
may,97,9594006,A1,69.82
here,98,9484185,A1,69.77
many,99,9440609,A1,69.75
such,100,9354057,A1,69.71
last,101,9162205,A1,69.62
child,102,9099133,A1,69.59
tell,103,9015711,A1,69.55
really,104,8709636,A1,69.4
call,105,8689604,A1,69.39
before,106,8491805,A1,69.29
company,107,8413951,A1,69.25
through,108,8375293,A1,69.23
down,109,8336812,A1,69.21
show,110,8279422,A1,69.18
life,111,8109611,A1,69.09
man,112,8072350,A1,69.07
change,113,7979947,A1,69.02
place,114,7943282,A1,69
long,115,7906786,A1,68.98
between,116,7834296,A1,68.94
feel,117,7798301,A1,68.92
too,118,7620790,A1,68.82
still,119,7516229,A1,68.76
problem,120,7328245,A1,68.65
write,121,7328245,A1,68.65
same,122,7211075,A1,68.58
lot,123,7144963,A1,68.54
great,124,7095778,A1,68.51
try,125,6998420,A1,68.45
leave,126,6982324,A1,68.44
number,127,6982324,A1,68.44
both,128,6950243,A1,68.42
own,129,6918310,A1,68.4
part,130,6918310,A1,68.4
point,131,6839116,A1,68.35
little,132,6807694,A1,68.33
help,133,6792036,A1,68.32
ask,134,6745280,A1,68.29
meet,135,6698846,A1,68.26
start,136,6698846,A1,68.26
talk,137,6652732,A1,68.23
something,138,6652732,A1,68.23
put,139,6546362,A1,68.16
another,140,6546362,A1,68.16
become,141,6531306,A1,68.15
interest,142,6531306,A1,68.15
country,143,6531306,A1,68.15
old,144,6471426,A1,68.11
each,145,6456542,A1,68.1
school,146,6382635,A1,68.05
late,147,6382635,A1,68.05
high,148,6367955,A1,68.04
different,149,6353309,A1,68.03
off,150,6309573,A1,68
next,151,6194411,A1,67.92
end,152,6194411,A1,67.92
live,153,6081350,A1,67.84
why,154,6067363,A1,67.83
while,155,5984116,A1,67.77
world,156,5970353,A1,67.76
week,157,5956621,A1,67.75
play,158,5929253,A1,67.73
might,159,5861382,A1,67.68
must,160,5861382,A1,67.68
home,161,5847901,A1,67.67
never,162,5794287,A1,67.63
include,163,5754399,A1,67.6
course,164,5754399,A1,67.6
house,165,5714786,A1,67.57
report,166,5701643,A1,67.56
group,167,5688529,A1,67.55
case,168,5688529,A1,67.55
woman,169,5688529,A1,67.55
around,170,5675446,A1,67.54
book,171,5662393,A1,67.53
family,172,5649370,A1,67.52
seem,173,5623413,A1,67.5
let,174,5546257,A1,67.44
again,175,5546257,A1,67.44
kind,176,5533501,A1,67.43
keep,177,5508077,A1,67.41
hear,178,5457579,A1,67.37
system,179,5445027,A1,67.36
every,180,5445027,A1,67.36
question,181,5420009,A1,67.34
during,182,5395106,A1,67.32
always,183,5308844,A1,67.25
big,184,5272299,A1,67.22
set,185,5260173,A1,67.21
small,186,5248075,A1,67.2
study,187,5236004,A1,67.19
follow,188,5211947,A1,67.17
begin,189,5176068,A1,67.14
important,190,5176068,A1,67.14
since,191,5152286,A1,67.12
run,192,5105050,A1,67.08
under,193,5093309,A1,67.07
turn,194,5093309,A1,67.07
few,195,5093309,A1,67.07
bring,196,5011872,A1,67
early,197,4988845,A1,66.98
hand,198,4977371,A1,66.97
state,199,4943107,A1,66.94
move,200,4931738,A1,66.93
money,201,4920395,A1,66.92
fact,202,4852885,A1,66.86
however,203,4786301,A1,66.8
area,204,4764310,A1,66.78
provide,205,4764310,A1,66.78
name,206,4720630,A1,66.74
read,207,4709773,A1,66.73
friend,208,4677351,A1,66.7
month,209,4677351,A1,66.7
large,210,4645153,A1,66.67
business,211,4645153,A1,66.67
without,212,4613176,A1,66.64
information,213,4591980,A1,66.62
open,214,4581419,A1,66.61
order,215,4560369,A1,66.59
government,216,4549881,A1,66.58
word,217,4549881,A1,66.58
issue,218,4528976,A1,66.56
market,219,4497799,A1,66.53
pay,220,4477133,A1,66.51
build,221,4466836,A1,66.5
hold,222,4415704,A1,66.45
service,223,4405549,A1,66.44
against,224,4355119,A1,66.39
believe,225,4345102,A1,66.38
second,226,4325138,A1,66.36
though,227,4305266,A1,66.34
yes,228,4295364,A1,66.33
love,229,4265795,A1,66.3
increase,230,4246196,A1,66.28
job,231,4246196,A1,66.28
plan,232,4246196,A1,66.28
result,233,4236430,A1,66.27
away,234,4236430,A1,66.27
example,235,4207266,A1,66.24
happen,236,4197590,A1,66.23
offer,237,4178304,A1,66.21
young,238,4168694,A1,66.2
close,239,4159106,A1,66.19
program,240,4139997,A1,66.17
lead,241,4102041,A1,66.13
buy,242,4045759,A1,66.07
understand,243,4027170,A1,66.05
thank,244,3990249,A1,66.01
far,245,3981072,A1,66
today,246,3926449,A1,65.94
hour,247,3917419,A1,65.93
student,248,3908409,A1,65.92
face,249,3899420,A1,65.91
hope,250,3881504,A1,65.89
idea,251,3863670,A1,65.87
cost,252,3854784,A1,65.86
less,253,3854784,A1,65.86
room,254,3845918,A1,65.85
until,255,3828247,A1,65.83
reason,256,3828247,A1,65.83
form,257,3793150,A1,65.79
spend,258,3784426,A1,65.78
head,259,3775722,A1,65.77
car,260,3775722,A1,65.77
learn,261,3749730,A1,65.74
level,262,3723917,A1,65.71
person,263,3681290,A1,65.66
experience,264,3655948,A1,65.63
once,265,3647539,A1,65.62
member,266,3639150,A1,65.61
enough,267,3630781,A1,65.6
bad,268,3622430,A1,65.59
city,269,3622430,A1,65.59
night,270,3614099,A1,65.58
able,271,3605786,A1,65.57
support,272,3589219,A1,65.55
whether,273,3589219,A1,65.55
line,274,3580964,A1,65.54
present,275,3580964,A1,65.54
side,276,3556313,A1,65.51
quite,277,3548134,A1,65.5
although,278,3515604,A1,65.46
sure,279,3507519,A1,65.45
term,280,3499452,A1,65.44
least,281,3499452,A1,65.44
age,282,3491403,A1,65.43
low,283,3491403,A1,65.43
speak,284,3483373,A1,65.42
within,285,3467369,A1,65.4
process,286,3467369,A1,65.4
public,287,3427678,A1,65.35
often,288,3411929,A1,65.33
train,289,3380648,A1,65.29
possible,290,3372873,A1,65.28
actually,291,3372873,A1,65.28
rather,292,3365116,A1,65.27
view,293,3357376,A1,65.26
together,294,3341950,A1,65.24
consider,295,3341950,A1,65.24
price,296,3265878,A1,65.14
parent,297,3265878,A1,65.14
hard,298,3250873,A1,65.12
party,299,3221069,A1,65.08
local,300,3206269,A1,65.06
control,301,3198895,A1,65.05
already,302,3176874,A1,65.02
concern,303,3176874,A1,65.02
product,304,3169567,A1,65.01
lose,305,3162278,A1,65
story,306,3147748,A1,64.98
almost,307,3147748,A1,64.98
continue,308,3133286,A1,64.96
stand,309,3126079,A1,64.95
whole,310,3126079,A1,64.95
yet,311,3126079,A1,64.95
rate,312,3118890,A1,64.94
care,313,3111716,A1,64.93
expect,314,3111716,A1,64.93
effect,315,3111716,A1,64.93
sort,316,3104560,A1,64.92
ever,317,3104560,A1,64.92
anything,318,3104560,A1,64.92
cause,319,3090295,A1,64.9
fall,320,3083188,A1,64.89
deal,321,3083188,A1,64.89
water,322,3069022,A1,64.87
send,323,3061963,A1,64.86
allow,324,3047895,A1,64.84
soon,325,3047895,A1,64.84
watch,326,3019952,A1,64.8
base,327,3006076,A1,64.78
probably,328,2985383,A1,64.75
suggest,329,2978516,A1,64.74
past,330,2971666,A1,64.73
power,331,2964831,A1,64.72
test,332,2958012,A1,64.71
visit,333,2951209,A1,64.7
center,334,2951209,A1,64.7
grow,335,2944422,A1,64.69
nothing,336,2937650,A1,64.68
return,337,2937650,A1,64.68
mother,338,2930893,A1,64.67
walk,339,2904023,A1,64.63
matter,340,2904023,A1,64.63
mind,341,2897344,A1,64.62
value,342,2890680,A1,64.61
office,343,2877398,A1,64.59
record,344,2877398,A1,64.59
stay,345,2864178,A1,64.57
force,346,2864178,A1,64.57
stop,347,2851018,A1,64.55
several,348,2844461,A1,64.54
light,349,2837919,A1,64.53
develop,350,2824880,A1,64.51
remember,351,2818383,A1,64.5
bit,352,2811901,A1,64.49
share,353,2805434,A1,64.48
real,354,2798981,A1,64.47
answer,355,2792544,A1,64.46
sit,356,2779713,A1,64.44
figure,357,2773320,A1,64.43
letter,358,2773320,A1,64.43
decide,359,2760578,A1,64.41
language,360,2747894,A1,64.39
subject,361,2722701,A1,64.35
class,362,2722701,A1,64.35
development,363,2697739,A1,64.31
town,364,2697739,A1,64.31
half,365,2685344,A1,64.29
minute,366,2679168,A1,64.28
food,367,2679168,A1,64.28
break,368,2679168,A1,64.28
clear,369,2660725,A1,64.25
future,370,2654606,A1,64.24
either,371,2654606,A1,64.24
ago,372,2654606,A1,64.24
per,373,2654606,A1,64.24
remain,374,2654606,A1,64.24
top,375,2648500,A1,64.23
among,376,2648500,A1,64.23
win,377,2636331,A1,64.21
color,378,2630268,A1,64.2
involve,379,2606154,A1,64.16
reach,380,2600160,A1,64.15
social,381,2600160,A1,64.15
period,382,2588213,A1,64.13
across,383,2582260,A1,64.12
note,384,2582260,A1,64.12
history,385,2582260,A1,64.12
create,386,2576321,A1,64.11
drive,387,2576321,A1,64.11
along,388,2570396,A1,64.1
type,389,2564484,A1,64.09
sound,390,2558586,A1,64.08
eye,391,2552701,A1,64.07
music,392,2552701,A1,64.07
game,393,2552701,A1,64.07
political,394,2546830,A1,64.06
free,395,2546830,A1,64.06
receive,396,2540973,A1,64.05
moment,397,2540973,A1,64.05
sale,398,2535129,A1,64.04
policy,399,2535129,A1,64.04
further,400,2506109,A1,63.99
body,401,2500345,A1,63.98
require,402,2494595,A1,63.97
wait,403,2488857,A1,63.96
general,404,2483133,A1,63.95
appear,405,2483133,A1,63.95
toward,406,2483133,A1,63.95
team,407,2483133,A1,63.95
easy,408,2483133,A1,63.95
individual,409,2483133,A1,63.95
full,410,2483133,A1,63.95
black,411,2477422,A1,63.94
sense,412,2466039,A1,63.92
perhaps,413,2460368,A1,63.91
add,414,2449063,A1,63.89
rule,415,2443431,A1,63.88
pass,416,2432204,A1,63.86
produce,417,2432204,A1,63.86
sell,418,2432204,A1,63.86
short,419,2404363,A1,63.81
agree,420,2404363,A1,63.81
law,421,2393316,A1,63.79
everything,422,2382319,A1,63.77
research,423,2371374,A1,63.75
cover,424,2360478,A1,63.73
paper,425,2360478,A1,63.73
position,426,2355049,A1,63.72
near,427,2355049,A1,63.72
human,428,2355049,A1,63.72
computer,429,2355049,A1,63.72
situation,430,2344229,A1,63.7
staff,431,2344229,A1,63.7
activity,432,2333458,A1,63.68
film,433,2322737,A1,63.66
morning,434,2317395,A1,63.65
war,435,2306747,A1,63.63
account,436,2306747,A1,63.63
shop,437,2301442,A1,63.62
major,438,2285599,A1,63.59
someone,439,2280342,A1,63.58
above,440,2280342,A1,63.58
design,441,2280342,A1,63.58
event,442,2275097,A1,63.57
special,443,2275097,A1,63.57
sometimes,444,2275097,A1,63.57
condition,445,2259436,A1,63.54
carry,446,2259436,A1,63.54
choose,447,2254239,A1,63.53
father,448,2243882,A1,63.51
decision,449,2243882,A1,63.51
table,450,2238721,A1,63.5
certain,451,2233572,A1,63.49
forward,452,2228435,A1,63.48
main,453,2228435,A1,63.48
die,454,2223310,A1,63.47
bear,455,2213095,A1,63.45
cut,456,2213095,A1,63.45
describe,457,2202926,A1,63.43
himself,458,2197860,A1,63.42
available,459,2197860,A1,63.42
especially,460,2197860,A1,63.42
strong,461,2177710,A1,63.38
rise,462,2177710,A1,63.38
girl,463,2172701,A1,63.37
maybe,464,2172701,A1,63.37
community,465,2172701,A1,63.37
else,466,2157744,A1,63.34
particular,467,2152782,A1,63.33
role,468,2152782,A1,63.33
join,469,2152782,A1,63.33
difficult,470,2147830,A1,63.32
please,471,2128139,A1,63.28
detail,472,2128139,A1,63.28
difference,473,2123244,A1,63.27
action,474,2094112,A1,63.21
health,475,2094112,A1,63.21
eat,476,2084491,A1,63.19
step,477,2079697,A1,63.18
true,478,2074914,A1,63.17
phone,479,2070141,A1,63.16
themselves,480,2070141,A1,63.16
draw,481,2065380,A1,63.15
white,482,2060630,A1,63.14
date,483,2055891,A1,63.13
practice,484,2051162,A1,63.12
model,485,2051162,A1,63.12
raise,486,2046445,A1,63.11
customer,487,2046445,A1,63.11
front,488,2027683,A1,63.07
explain,489,2023019,A1,63.06
door,490,2018366,A1,63.05
outside,491,2004472,A1,63.02
behind,492,1999862,A1,63.01
economic,493,1990673,A1,62.99
site,494,1986095,A1,62.98
approach,495,1986095,A1,62.98
teacher,496,1986095,A1,62.98
land,497,1967886,A1,62.94
charge,498,1967886,A1,62.94
finally,499,1963360,A1,62.93
sign,500,1963360,A1,62.93
claim,501,1963360,A1,62.93
relationship,502,1963360,A1,62.93
travel,503,1954339,A1,62.91
enjoy,504,1945360,A1,62.89
death,505,1945360,A1,62.89
nice,506,1931968,A1,62.86
amount,507,1931968,A1,62.86
improve,508,1918669,A1,62.83
picture,509,1918669,A1,62.83
boy,510,1918669,A1,62.83
regard,511,1914256,A1,62.82
organization,512,1914256,A1,62.82
happy,513,1909853,A1,62.81
couple,514,1909853,A1,62.81
act,515,1905461,A1,62.8
range,516,1901078,A1,62.79
quality,517,1896706,A1,62.78
project,518,1896706,A1,62.78
round,519,1892344,A1,62.77
opportunity,520,1887991,A1,62.76
road,521,1887991,A1,62.76
accord,522,1879317,A1,62.74
list,523,1874995,A1,62.73
wish,524,1874995,A1,62.73
therefore,525,1870682,A1,62.72
wear,526,1866380,A1,62.71
fund,527,1866380,A1,62.71
rest,528,1866380,A1,62.71
kid,529,1862087,A1,62.7
industry,530,1853532,A1,62.68
education,531,1849269,A1,62.67
measure,532,1849269,A1,62.67
kill,533,1840772,A1,62.65
serve,534,1836538,A1,62.64
likely,535,1828100,A1,62.62
certainly,536,1815516,A1,62.59
national,537,1811340,A1,62.58
itself,538,1807174,A1,62.57
teach,539,1807174,A1,62.57
field,540,1807174,A1,62.57
security,541,1794734,A1,62.54
air,542,1790606,A1,62.53
benefit,543,1790606,A1,62.53
trade,544,1786488,A1,62.52
risk,545,1786488,A1,62.52
news,546,1782379,A1,62.51
standard,547,1778279,A1,62.5
vote,548,1774189,A1,62.49
percent,549,1774189,A1,62.49
focus,550,1770109,A1,62.48
stage,551,1766038,A1,62.47
space,552,1761976,A1,62.46
instead,553,1761976,A1,62.46
realize,554,1761976,A1,62.46
usually,555,1753881,A1,62.44
data,556,1745822,A1,62.42
single,557,1741807,A1,62.41
address,558,1725838,A1,62.37
performance,559,1721869,A1,62.36
chance,560,1721869,A1,62.36
accept,561,1721869,A2,62.36
society,562,1717908,A2,62.35
technology,563,1717908,A2,62.35
mention,564,1717908,A2,62.35
choice,565,1710015,A2,62.33
save,566,1710015,A2,62.33
common,567,1706082,A2,62.32
culture,568,1694338,A2,62.29
total,569,1690441,A2,62.28
demand,570,1686553,A2,62.27
material,571,1682674,A2,62.26
limit,572,1678804,A2,62.25
listen,573,1678804,A2,62.25
due,574,1671091,A2,62.23
wrong,575,1671091,A2,62.23
foot,576,1667247,A2,62.22
effort,577,1667247,A2,62.22
attention,578,1663413,A2,62.21
upon,579,1663413,A2,62.21
check,580,1659587,A2,62.2
complete,581,1659587,A2,62.2
lie,582,1655770,A2,62.19
pick,583,1655770,A2,62.19
reduce,584,1655770,A2,62.19
personal,585,1655770,A2,62.19
ground,586,1651962,A2,62.18
animal,587,1648162,A2,62.17
arrive,588,1648162,A2,62.17
patient,589,1648162,A2,62.17
current,590,1640590,A2,62.15
century,591,1636817,A2,62.14
evidence,592,1633052,A2,62.13
exist,593,1633052,A2,62.13
similar,594,1629296,A2,62.12
fight,595,1629296,A2,62.12
leader,596,1629296,A2,62.12
fine,597,1625549,A2,62.11
street,598,1625549,A2,62.11
former,599,1621810,A2,62.1
contact,600,1618080,A2,62.09
particularly,601,1618080,A2,62.09
wife,602,1606941,A2,62.06
sport,603,1606941,A2,62.06
prepare,604,1599558,A2,62.04
discuss,605,1595879,A2,62.03
response,606,1595879,A2,62.03
voice,607,1592209,A2,62.02
piece,608,1588547,A2,62.01
finish,609,1584893,A2,62
suppose,610,1573983,A2,61.97
apply,611,1573983,A2,61.97
president,612,1573983,A2,61.97
fire,613,1570363,A2,61.96
compare,614,1566751,A2,61.95
court,615,1563148,A2,61.94
police,616,1559553,A2,61.93
store,617,1555966,A2,61.92
poor,618,1555966,A2,61.92
knowledge,619,1552387,A2,61.91
laugh,620,1552387,A2,61.91
arm,621,1548817,A2,61.9
heart,622,1548817,A2,61.9
source,623,1548817,A2,61.9
employee,624,1545254,A2,61.89
manage,625,1538155,A2,61.87
simply,626,1534617,A2,61.86
bank,627,1531087,A2,61.85
firm,628,1527566,A2,61.84
cell,629,1527566,A2,61.84
article,630,1517050,A2,61.81
fast,631,1513561,A2,61.8
attack,632,1510080,A2,61.79
foreign,633,1510080,A2,61.79
surprise,634,1506607,A2,61.78
feature,635,1503142,A2,61.77
factor,636,1503142,A2,61.77
pretty,637,1499685,A2,61.76
recently,638,1499685,A2,61.76
affect,639,1499685,A2,61.76
drop,640,1496236,A2,61.75
recent,641,1492794,A2,61.74
relate,642,1492794,A2,61.74
official,643,1489361,A2,61.73
financial,644,1489361,A2,61.73
miss,645,1485936,A2,61.72
art,646,1485936,A2,61.72
campaign,647,1482518,A2,61.71
private,648,1482518,A2,61.71
pause,649,1479108,A2,61.7
everyone,650,1475707,A2,61.69
forget,651,1472313,A2,61.68
page,652,1472313,A2,61.68
worry,653,1472313,A2,61.68
summer,654,1468926,A2,61.67
drink,655,1465548,A2,61.66
opinion,656,1465548,A2,61.66
park,657,1462177,A2,61.65
represent,658,1458814,A2,61.64
key,659,1458814,A2,61.64
inside,660,1452112,A2,61.62
manager,661,1445440,A2,61.6
international,662,1442115,A2,61.59
contain,663,1438799,A2,61.58
notice,664,1432188,A2,61.56
wonder,665,1432188,A2,61.56
nature,666,1428894,A2,61.55
structure,667,1428894,A2,61.55
section,668,1425608,A2,61.54
myself,669,1422329,A2,61.53
exactly,670,1419058,A2,61.52
plant,671,1419058,A2,61.52
paint,672,1415794,A2,61.51
worker,673,1412538,A2,61.5
press,674,1412538,A2,61.5
whatever,675,1412538,A2,61.5
necessary,676,1412538,A2,61.5
region,677,1406048,A2,61.48
growth,678,1399587,A2,61.46
evening,679,1399587,A2,61.46
influence,680,1399587,A2,61.46
respect,681,1399587,A2,61.46
various,682,1399587,A2,61.46
catch,683,1396368,A2,61.45
thus,684,1389953,A2,61.43
skill,685,1389953,A2,61.43
attempt,686,1386756,A2,61.42
son,687,1386756,A2,61.42
simple,688,1383566,A2,61.41
medium,689,1383566,A2,61.41
average,690,1383566,A2,61.41
stock,691,1380384,A2,61.4
management,692,1377209,A2,61.39
character,693,1374042,A2,61.38
bed,694,1374042,A2,61.38
hit,695,1374042,A2,61.38
establish,696,1370882,A2,61.37
indeed,697,1367729,A2,61.36
final,698,1367729,A2,61.36
economy,699,1364583,A2,61.35
fit,700,1364583,A2,61.35
guy,701,1358313,A2,61.33
function,702,1355189,A2,61.32
yesterday,703,1355189,A2,61.32
image,704,1352073,A2,61.31
size,705,1348963,A2,61.3
behavior,706,1348963,A2,61.3
addition,707,1348963,A2,61.3
determine,708,1345860,A2,61.29
station,709,1342765,A2,61.28
population,710,1342765,A2,61.28
fail,711,1339677,A2,61.27
environment,712,1339677,A2,61.27
production,713,1333521,A2,61.25
contract,714,1330454,A2,61.24
player,715,1324342,A2,61.22
comment,716,1324342,A2,61.22
enter,717,1321296,A2,61.21
occur,718,1318257,A2,61.2
alone,719,1318257,A2,61.2
significant,720,1312200,A2,61.18
drug,721,1312200,A2,61.18
wall,722,1309182,A2,61.17
series,723,1309182,A2,61.17
direct,724,1306171,A2,61.16
success,725,1303167,A2,61.15
tomorrow,726,1300170,A2,61.14
director,727,1297179,A2,61.13
clearly,728,1297179,A2,61.13
lack,729,1294196,A2,61.12
review,730,1294196,A2,61.12
depend,731,1288250,A2,61.1
race,732,1288250,A2,61.1
recognize,733,1288250,A2,61.1
window,734,1288250,A2,61.1
purpose,735,1285287,A2,61.09
department,736,1285287,A2,61.09
gain,737,1282331,A2,61.08
tree,738,1282331,A2,61.08
college,739,1279381,A2,61.07
argue,740,1279381,A2,61.07
board,741,1276439,A2,61.06
holiday,742,1273503,A2,61.05
mark,743,1273503,A2,61.05
church,744,1264736,A2,61.02
machine,745,1264736,A2,61.02
achieve,746,1264736,A2,61.02
item,747,1264736,A2,61.02
prove,748,1264736,A2,61.02
cent,749,1264736,A2,61.02
season,750,1261828,A2,61.01
floor,751,1261828,A2,61.01
stuff,752,1261828,A2,61.01
wide,753,1261828,A2,61.01
anyone,754,1261828,A2,61.01
method,755,1261828,A2,61.01
analysis,756,1258925,A2,61
election,757,1256030,A2,60.99
military,758,1256030,A2,60.99
hotel,759,1256030,A2,60.99
club,760,1256030,A2,60.99
below,761,1256030,A2,60.99
movie,762,1256030,A2,60.99
doctor,763,1253141,A2,60.98
discussion,764,1253141,A2,60.98
sorry,765,1253141,A2,60.98
challenge,766,1253141,A2,60.98
nation,767,1247384,A2,60.96
nearly,768,1247384,A2,60.96
statement,769,1244515,A2,60.95
link,770,1244515,A2,60.95
despite,771,1241652,A2,60.94
introduce,772,1241652,A2,60.94
advantage,773,1241652,A2,60.94
ready,774,1241652,A2,60.94
marry,775,1238797,A2,60.93
strike,776,1238797,A2,60.93
mile,777,1235947,A2,60.92
seek,778,1235947,A2,60.92
ability,779,1230269,A2,60.9
unit,780,1230269,A2,60.9
card,781,1227439,A2,60.89
hospital,782,1224616,A2,60.88
quickly,783,1218990,A2,60.86
interview,784,1218990,A2,60.86
agreement,785,1216186,A2,60.85
release,786,1216186,A2,60.85
tax,787,1216186,A2,60.85
solution,788,1216186,A2,60.85
capital,789,1210598,A2,60.83
popular,790,1207814,A2,60.82
specific,791,1207814,A2,60.82
beautiful,792,1207814,A2,60.82
fear,793,1205036,A2,60.81
aim,794,1205036,A2,60.81
television,795,1205036,A2,60.81
serious,796,1205036,A2,60.81
target,797,1202264,A2,60.8
degree,798,1196741,A2,60.78
pull,799,1193988,A2,60.77
red,800,1193988,A2,60.77
husband,801,1193988,A2,60.77
access,802,1193988,A2,60.77
movement,803,1188502,A2,60.75
treat,804,1185769,A2,60.74
identify,805,1183042,A2,60.73
loss,806,1180321,A2,60.72
shall,807,1180321,A2,60.72
modern,808,1174898,A2,60.7
pressure,809,1174898,A2,60.7
bus,810,1172195,A2,60.69
treatment,811,1172195,A2,60.69
yourself,812,1166810,A2,60.67
supply,813,1164126,A2,60.66
village,814,1161449,A2,60.65
worth,815,1158777,A2,60.64
natural,816,1158777,A2,60.64
express,817,1158777,A2,60.64
indicate,818,1158777,A2,60.64
attend,819,1156112,A2,60.63
brother,820,1156112,A2,60.63
investment,821,1156112,A2,60.63
score,822,1153453,A2,60.62
organize,823,1153453,A2,60.62
trip,824,1153453,A2,60.62
beyond,825,1153453,A2,60.62
sleep,826,1150800,A2,60.61
fish,827,1148154,A2,60.6
promise,828,1148154,A2,60.6
potential,829,1145513,A2,60.59
energy,830,1145513,A2,60.59
trouble,831,1145513,A2,60.59
relation,832,1142878,A2,60.58
touch,833,1137627,A2,60.56
file,834,1137627,A2,60.56
middle,835,1137627,A2,60.56
bar,836,1135011,A2,60.55
suffer,837,1135011,A2,60.55
strategy,838,1135011,A2,60.55
deep,839,1132400,A2,60.54
except,840,1132400,A2,60.54
clean,841,1132400,A2,60.54
tend,842,1132400,A2,60.54
advance,843,1132400,A2,60.54
fill,844,1129796,A2,60.53
star,845,1127197,A2,60.52
network,846,1122018,A2,60.5
generally,847,1122018,A2,60.5
operation,848,1119438,A2,60.49
match,849,1114295,A2,60.47
avoid,850,1114295,A2,60.47
seat,851,1109175,A2,60.45
throw,852,1109175,A2,60.45
task,853,1106624,A2,60.44
normal,854,1104079,A2,60.43
goal,855,1101539,A2,60.42
associate,856,1101539,A2,60.42
blue,857,1099006,A2,60.41
positive,858,1096478,A2,60.4
option,859,1096478,A2,60.4
box,860,1093956,A2,60.39
huge,861,1093956,A2,60.39
message,862,1093956,A2,60.39
instance,863,1091440,A2,60.38
style,864,1091440,A2,60.38
refer,865,1088930,A2,60.37
cold,866,1086426,A2,60.36
push,867,1086426,A2,60.36
quarter,868,1086426,A2,60.36
assume,869,1081434,A2,60.34
baby,870,1078947,A2,60.33
successful,871,1076465,A2,60.32
sing,872,1076465,A2,60.32
doubt,873,1076465,A2,60.32
competition,874,1076465,A2,60.32
theory,875,1073989,A2,60.31
propose,876,1073989,A2,60.31
reference,877,1071519,A2,60.3
argument,878,1071519,A2,60.3
adult,879,1071519,A2,60.3
fly,880,1071519,A2,60.3
document,881,1069055,A2,60.29
pattern,882,1069055,A2,60.29
application,883,1066596,A2,60.28
hot,884,1066596,A2,60.28
obviously,885,1066596,A2,60.28
unclear,886,1064143,A2,60.27
bill,887,1064143,A2,60.27
search,888,1061696,A2,60.26
separate,889,1061696,A2,60.26
central,890,1061696,A2,60.26
career,891,1059254,A2,60.25
anyway,892,1059254,A2,60.25
speech,893,1056818,A2,60.24
dog,894,1056818,A2,60.24
officer,895,1056818,A2,60.24
throughout,896,1056818,A2,60.24
oil,897,1051962,A2,60.22
dress,898,1049542,A2,60.21
profit,899,1049542,A2,60.21
guess,900,1047129,A2,60.2
fun,901,1047129,A2,60.2
protect,902,1047129,A2,60.2
resource,903,1044720,A2,60.19
science,904,1044720,A2,60.19
disease,905,1044720,A2,60.19
balance,906,1042317,A2,60.18
damage,907,1042317,A2,60.18
basis,908,1042317,A2,60.18
author,909,1039920,A2,60.17
basic,910,1039920,A2,60.17
encourage,911,1037528,A2,60.16
hair,912,1035142,A2,60.15
male,913,1035142,A2,60.15
operate,914,1032761,A2,60.14
reflect,915,1032761,A2,60.14
exercise,916,1030386,A2,60.13
useful,917,1028016,A2,60.12
restaurant,918,1028016,A2,60.12
income,919,1028016,A2,60.12
property,920,1028016,A2,60.12
previous,921,1028016,A2,60.12
dark,922,1025652,A2,60.11
imagine,923,1025652,A2,60.11
okay,924,1023293,A2,60.1
earn,925,1020939,A2,60.09
daughter,926,1020939,A2,60.09
post,927,1018591,A2,60.08
newspaper,928,1016249,A2,60.07
define,929,1013911,A2,60.06
conclusion,930,1011579,A2,60.05
clock,931,1011579,A2,60.05
everybody,932,1011579,A2,60.05
weekend,933,1009253,A2,60.04
perform,934,1009253,A2,60.04
professional,935,1009253,A2,60.04
mine,936,1009253,A2,60.04
debate,937,1006932,A2,60.03
memory,938,1006932,A2,60.03
green,939,1006932,A2,60.03
song,940,1004616,A2,60.02
object,941,1000000,A2,60
maintain,942,1000000,A2,60
credit,943,997700,A2,59.99
ring,944,997700,A2,59.99
discover,945,993116,A2,59.97
dead,946,990832,A2,59.96
afternoon,947,990832,A2,59.96
prefer,948,990832,A2,59.96
extend,949,988553,A2,59.95
possibility,950,988553,A2,59.95
direction,951,986279,A2,59.94
facility,952,986279,A2,59.94
variety,953,981748,A2,59.92
daily,954,979490,A2,59.91
clothes,955,979490,A2,59.91
screen,956,977237,A2,59.9
track,957,974990,A2,59.89
dance,958,974990,A2,59.89
completely,959,974990,A2,59.89
female,960,972747,A2,59.88
responsibility,961,972747,A2,59.88
original,962,963829,A2,59.84
sister,963,963829,A2,59.84
rock,964,963829,A2,59.84
dream,965,963829,A2,59.84
nor,966,959401,A2,59.82
university,967,959401,A2,59.82
easily,968,957194,A2,59.81
agency,969,957194,A2,59.81
dollar,970,954993,A2,59.8
garden,971,952796,A2,59.79
fix,972,952796,A2,59.79
ahead,973,950605,A2,59.78
cross,974,950605,A2,59.78
yeah,975,948418,A2,59.77
weight,976,941890,A2,59.74
legal,977,937562,A2,59.72
proposal,978,935406,A2,59.71
version,979,935406,A2,59.71
conversation,980,935406,A2,59.71
somebody,981,933254,A2,59.7
pound,982,931108,A2,59.69
magazine,983,931108,A2,59.69
shape,984,931108,A2,59.69
sea,985,928966,A2,59.68
immediately,986,926830,A2,59.67
welcome,987,926830,A2,59.67
smile,988,926830,A2,59.67
communication,989,926830,A2,59.67
agent,990,922571,A2,59.65
traditional,991,922571,A2,59.65
replace,992,920450,A2,59.64
judge,993,920450,A2,59.64
herself,994,918333,A2,59.63
suddenly,995,918333,A2,59.63
generation,996,918333,A2,59.63
estimate,997,918333,A2,59.63
favorite,998,916220,A2,59.62
difficulty,999,916220,A2,59.62
purchase,1000,914113,A2,59.61
shoot,1001,912011,A2,59.6
announce,1002,912011,A2,59.6
unless,1003,912011,A2,59.6
independent,1004,909913,A2,59.59
recommend,1005,907821,A2,59.58
survey,1006,907821,A2,59.58
majority,1007,907821,A2,59.58
stick,1008,905733,A2,59.57
request,1009,903649,A2,59.56
rich,1010,899498,A2,59.54
wind,1011,899498,A2,59.54
none,1012,897429,A2,59.53
exchange,1013,895365,A2,59.52
budget,1014,893305,A2,59.51
famous,1015,893305,A2,59.51
blood,1016,893305,A2,59.51
appropriate,1017,893305,A2,59.51
block,1018,893305,A2,59.51
warm,1019,891251,A2,59.5
count,1020,891251,A2,59.5
scene,1021,891251,A2,59.5
writer,1022,889201,A2,59.49
content,1023,889201,A2,59.49
prevent,1024,887156,A2,59.48
safe,1025,885116,A2,59.47
invite,1026,885116,A2,59.47
mix,1027,883080,A2,59.46
element,1028,881049,A2,59.45
effective,1029,881049,A2,59.45
correct,1030,881049,A2,59.45
medical,1031,877001,A2,59.43
admit,1032,874984,A2,59.42
beat,1033,874984,A2,59.42
telephone,1034,874984,A2,59.42
copy,1035,872971,A2,59.41
committee,1036,870964,A2,59.4
aware,1037,870964,A2,59.4
advice,1038,870964,A2,59.4
handle,1039,868960,A2,59.39
glass,1040,868960,A2,59.39
trial,1041,866962,A2,59.38
stress,1042,866962,A2,59.38
radio,1043,864968,A2,59.37
administration,1044,862979,A2,59.36
complex,1045,862979,A2,59.36
text,1046,860994,A2,59.35
context,1047,860994,A2,59.35
ride,1048,859014,A2,59.34
directly,1049,859014,A2,59.34
heavy,1050,859014,A2,59.34
remove,1051,857038,A2,59.33
conduct,1052,857038,A2,59.33
equipment,1053,857038,A2,59.33
otherwise,1054,857038,A2,59.33
title,1055,855067,A2,59.32
extra,1056,853100,A2,59.31
executive,1057,853100,A2,59.31
chair,1058,853100,A2,59.31
expensive,1059,853100,A2,59.31
sample,1060,851138,A2,59.3
sex,1061,851138,A2,59.3
deliver,1062,849180,A2,59.29
video,1063,849180,A2,59.29
connection,1064,849180,A2,59.29
primary,1065,847227,A2,59.28
weather,1066,845279,A2,59.27
collect,1067,845279,A2,59.27
inform,1068,841395,A2,59.25
principle,1069,841395,A2,59.25
straight,1070,839460,A2,59.24
appeal,1071,839460,A2,59.24
highly,1072,839460,A2,59.24
trust,1073,839460,A2,59.24
wonderful,1074,837529,A2,59.23
flat,1075,837529,A2,59.23
absolutely,1076,835603,A2,59.22
flow,1077,835603,A2,59.22
fair,1078,835603,A2,59.22
additional,1079,833681,A2,59.21
responsible,1080,833681,A2,59.21
farm,1081,831764,A2,59.2
collection,1082,831764,A2,59.2
hang,1083,829851,A2,59.19
negative,1084,827942,A2,59.18
band,1085,827942,A2,59.18
relative,1086,826038,A2,59.17
tour,1087,826038,A2,59.17
alternative,1088,826038,A2,59.17
software,1089,826038,A2,59.17
pair,1090,824138,A2,59.16
ship,1091,824138,A2,59.16
attitude,1092,820352,A2,59.14
cheap,1093,820352,A2,59.14
double,1094,820352,A2,59.14
leg,1095,818465,A2,59.13
observe,1096,818465,A2,59.13
sentence,1097,818465,A2,59.13
print,1098,816582,A2,59.12
progress,1099,816582,A2,59.12
truth,1100,814704,A2,59.11
nobody,1101,814704,A2,59.11
examine,1102,812831,A2,59.1
lay,1103,812831,A2,59.1
speed,1104,810961,A2,59.09
politics,1105,810961,A2,59.09
reply,1106,809096,A2,59.08
display,1107,809096,A2,59.08
transfer,1108,809096,A2,59.08
perfect,1109,807235,A2,59.07
slightly,1110,807235,A2,59.07
overall,1111,807235,A2,59.07
intend,1112,805378,A2,59.06
user,1113,803526,A2,59.05
respond,1114,803526,A2,59.05
dinner,1115,801678,A2,59.04
slow,1116,801678,A2,59.04
regular,1117,801678,A2,59.04
physical,1118,801678,A2,59.04
apart,1119,797995,A2,59.02
suit,1120,796159,A2,59.01
federal,1121,796159,B1,59.01
reveal,1122,796159,B1,59.01
percentage,1123,794328,B1,59
peace,1124,792501,B1,58.99
status,1125,792501,B1,58.99
crime,1126,790679,B1,58.98
decline,1127,788860,B1,58.97
decade,1128,788860,B1,58.97
launch,1129,788860,B1,58.97
warn,1130,787046,B1,58.96
consumer,1131,787046,B1,58.96
favor,1132,787046,B1,58.96
dry,1133,785236,B1,58.95
partner,1134,785236,B1,58.95
institution,1135,785236,B1,58.95
spot,1136,783430,B1,58.94
horse,1137,783430,B1,58.94
eventually,1138,781628,B1,58.93
heat,1139,781628,B1,58.93
excite,1140,779830,B1,58.92
reader,1141,779830,B1,58.92
importance,1142,778037,B1,58.91
distance,1143,776247,B1,58.9
guide,1144,776247,B1,58.9
grant,1145,776247,B1,58.9
taxi,1146,774462,B1,58.89
feed,1147,774462,B1,58.89
pain,1148,774462,B1,58.89
sector,1149,770903,B1,58.87
mistake,1150,770903,B1,58.87
ensure,1151,769130,B1,58.86
satisfy,1152,767361,B1,58.85
chief,1153,767361,B1,58.85
cool,1154,767361,B1,58.85
expert,1155,765597,B1,58.84
wave,1156,765597,B1,58.84
south,1157,765597,B1,58.84
labor,1158,763836,B1,58.83
surface,1159,763836,B1,58.83
library,1160,762079,B1,58.82
excellent,1161,760326,B1,58.81
edge,1162,760326,B1,58.81
camp,1163,760326,B1,58.81
audience,1164,758578,B1,58.8
lift,1165,758578,B1,58.8
procedure,1166,756833,B1,58.79
email,1167,756833,B1,58.79
global,1168,756833,B1,58.79
struggle,1169,756833,B1,58.79
advertise,1170,753356,B1,58.77
select,1171,751623,B1,58.76
surround,1172,749894,B1,58.75
extent,1173,748170,B1,58.74
river,1174,746449,B1,58.73
annual,1175,746449,B1,58.73
fully,1176,746449,B1,58.73
contrast,1177,744732,B1,58.72
roll,1178,743019,B1,58.71
reality,1179,743019,B1,58.71
photograph,1180,741310,B1,58.7
artist,1181,739605,B1,58.69
conflict,1182,739605,B1,58.69
entire,1183,739605,B1,58.69
presence,1184,739605,B1,58.69
crowd,1185,739605,B1,58.69
corner,1186,739605,B1,58.69
gas,1187,739605,B1,58.69
shift,1188,737904,B1,58.68
net,1189,737904,B1,58.68
category,1190,737904,B1,58.68
secretary,1191,737904,B1,58.68
defense,1192,737904,B1,58.68
quick,1193,736207,B1,58.67
cook,1194,736207,B1,58.67
spread,1195,734514,B1,58.66
nuclear,1196,734514,B1,58.66
scale,1197,734514,B1,58.66
driver,1198,734514,B1,58.66
ball,1199,732825,B1,58.65
cry,1200,731139,B1,58.64
introduction,1201,729458,B1,58.63
requirement,1202,729458,B1,58.63
north,1203,727780,B1,58.62
confirm,1204,727780,B1,58.62
senior,1205,724436,B1,58.6
photo,1206,722770,B1,58.59
refuse,1207,722770,B1,58.59
transport,1208,721107,B1,58.58
emerge,1209,721107,B1,58.58
map,1210,721107,B1,58.58
concept,1211,721107,B1,58.58
island,1212,719449,B1,58.57
reform,1213,719449,B1,58.57
neither,1214,719449,B1,58.57
football,1215,717794,B1,58.56
survive,1216,717794,B1,58.56
flight,1217,716143,B1,58.55
left,1218,716143,B1,58.55
solve,1219,714496,B1,58.54
neighbor,1220,714496,B1,58.54
background,1221,714496,B1,58.54
technique,1222,714496,B1,58.54
traffic,1223,714496,B1,58.54
improvement,1224,712853,B1,58.53
tool,1225,711214,B1,58.52
consequence,1226,711214,B1,58.52
circumstance,1227,711214,B1,58.52
smoke,1228,711214,B1,58.52
reaction,1229,711214,B1,58.52
rain,1230,711214,B1,58.52
busy,1231,709578,B1,58.51
lesson,1232,709578,B1,58.51
brain,1233,707946,B1,58.5
mass,1234,707946,B1,58.5
funny,1235,706318,B1,58.49
contribute,1236,706318,B1,58.49
failure,1237,706318,B1,58.49
schedule,1238,704693,B1,58.48
speaker,1239,704693,B1,58.48
bottom,1240,703072,B1,58.47
adopt,1241,703072,B1,58.47
combine,1242,703072,B1,58.47
mountain,1243,701455,B1,58.46
waste,1244,701455,B1,58.46
hide,1245,699842,B1,58.45
marriage,1246,699842,B1,58.45
ticket,1247,699842,B1,58.45
meal,1248,699842,B1,58.45
colleague,1249,699842,B1,58.45
bag,1250,699842,B1,58.45
repeat,1251,698232,B1,58.44
equal,1252,696627,B1,58.43
expression,1253,696627,B1,58.43
plus,1254,696627,B1,58.43
extremely,1255,696627,B1,58.43
owner,1256,695024,B1,58.42
plane,1257,695024,B1,58.42
commercial,1258,693426,B1,58.41
lady,1259,690240,B1,58.39
duty,1260,688652,B1,58.38
strength,1261,687068,B1,58.37
connect,1262,685488,B1,58.36
cultural,1263,685488,B1,58.36
arrange,1264,683912,B1,58.35
scheme,1265,683912,B1,58.35
payment,1266,682339,B1,58.34
unfortunately,1267,682339,B1,58.34
brief,1268,682339,B1,58.34
bird,1269,680769,B1,58.33
demonstrate,1270,680769,B1,58.33
contribution,1271,680769,B1,58.33
appreciate,1272,679204,B1,58.32
chapter,1273,679204,B1,58.32
secret,1274,679204,B1,58.32
apparently,1275,679204,B1,58.32
novel,1276,679204,B1,58.32
union,1277,677642,B1,58.31
burn,1278,677642,B1,58.31
trend,1279,677642,B1,58.31
initial,1280,677642,B1,58.31
pleasure,1281,676083,B1,58.3
suggestion,1282,676083,B1,58.3
critical,1283,674528,B1,58.29
gather,1284,674528,B1,58.29
mostly,1285,674528,B1,58.29
earth,1286,674528,B1,58.29
pop,1287,672977,B1,58.28
essential,1288,671429,B1,58.27
desire,1289,671429,B1,58.27
promote,1290,671429,B1,58.27
currently,1291,671429,B1,58.27
employ,1292,669885,B1,58.26
path,1293,669885,B1,58.26
topic,1294,669885,B1,58.26
beach,1295,668344,B1,58.25
attract,1296,668344,B1,58.25
engage,1297,668344,B1,58.25
powerful,1298,666807,B1,58.24
flower,1299,666807,B1,58.24
crisis,1300,666807,B1,58.24
settle,1301,665273,B1,58.23
boat,1302,665273,B1,58.23
aid,1303,665273,B1,58.23
fan,1304,665273,B1,58.23
kitchen,1305,665273,B1,58.23
twice,1306,663743,B1,58.22
fresh,1307,663743,B1,58.22
delay,1308,663743,B1,58.22
safety,1309,663743,B1,58.22
engineer,1310,663743,B1,58.22
quiet,1311,662217,B1,58.21
insurance,1312,662217,B1,58.21
nurse,1313,662217,B1,58.21
divide,1314,660693,B1,58.2
length,1315,660693,B1,58.2
investigation,1316,659174,B1,58.19
package,1317,659174,B1,58.19
somewhere,1318,659174,B1,58.19
expand,1319,657658,B1,58.18
commit,1320,657658,B1,58.18
obvious,1321,657658,B1,58.18
jump,1322,654636,B1,58.16
weapon,1323,654636,B1,58.16
relatively,1324,653131,B1,58.15
host,1325,653131,B1,58.15
winter,1326,653131,B1,58.15
district,1327,653131,B1,58.15
broad,1328,651628,B1,58.14
tire,1329,648634,B1,58.12
spring,1330,647143,B1,58.11
spirit,1331,644169,B1,58.09
lunch,1332,644169,B1,58.09
actual,1333,642688,B1,58.08
pool,1334,642688,B1,58.08
battle,1335,642688,B1,58.08
tradition,1336,642688,B1,58.08
cash,1337,641210,B1,58.07
hardly,1338,639735,B1,58.06
award,1339,639735,B1,58.06
coach,1340,639735,B1,58.06
experiment,1341,639735,B1,58.06
consideration,1342,639735,B1,58.06
strange,1343,639735,B1,58.06
code,1344,639735,B1,58.06
possibly,1345,636796,B1,58.04
threat,1346,636796,B1,58.04
accident,1347,636796,B1,58.04
impossible,1348,636796,B1,58.04
revenue,1349,636796,B1,58.04
enable,1350,636796,B1,58.04
afraid,1351,635331,B1,58.03
active,1352,635331,B1,58.03
conclude,1353,633870,B1,58.02
religious,1354,632412,B1,58.01
cancer,1355,632412,B1,58.01
convince,1356,632412,B1,58.01
vary,1357,632412,B1,58.01
environmental,1358,630957,B1,58
sun,1359,630957,B1,58
healthy,1360,629506,B1,57.99
blow,1361,628058,B1,57.98
volume,1362,626614,B1,57.97
location,1363,626614,B1,57.97
invest,1364,626614,B1,57.97
proceed,1365,626614,B1,57.97
wash,1366,626614,B1,57.97
actor,1367,625173,B1,57.96
glad,1368,625173,B1,57.96
tape,1369,625173,B1,57.96
whereas,1370,625173,B1,57.96
opposite,1371,623735,B1,57.95
stone,1372,623735,B1,57.95
sum,1373,623735,B1,57.95
murder,1374,623735,B1,57.95
monitor,1375,622300,B1,57.94
soldier,1376,622300,B1,57.94
finance,1377,622300,B1,57.94
hate,1378,620869,B1,57.93
egg,1379,620869,B1,57.93
concert,1380,619441,B1,57.92
shock,1381,619441,B1,57.92
comfortable,1382,619441,B1,57.92
usual,1383,619441,B1,57.92
carefully,1384,618016,B1,57.91
pack,1385,618016,B1,57.91
recall,1386,618016,B1,57.91
wine,1387,616595,B1,57.9
camera,1388,616595,B1,57.9
swim,1389,616595,B1,57.9
manufacture,1390,616595,B1,57.9
theater,1391,615177,B1,57.89
cycle,1392,613762,B1,57.88
coffee,1393,612350,B1,57.87
totally,1394,612350,B1,57.87
museum,1395,612350,B1,57.87
visitor,1396,612350,B1,57.87
freedom,1397,610942,B1,57.86
construction,1398,610942,B1,57.86
dear,1399,610942,B1,57.86
objective,1400,608135,B1,57.84
moreover,1401,608135,B1,57.84
onto,1402,608135,B1,57.84
historical,1403,606736,B1,57.83
oppose,1404,606736,B1,57.83
branch,1405,605341,B1,57.82
vehicle,1406,605341,B1,57.82
scientist,1407,605341,B1,57.82
route,1408,603949,B1,57.81
bind,1409,602560,B1,57.8
belong,1410,602560,B1,57.8
taste,1411,602560,B1,57.8
tonight,1412,601174,B1,57.79
fashion,1413,601174,B1,57.79
danger,1414,601174,B1,57.79
bomb,1415,601174,B1,57.79
army,1416,601174,B1,57.79
dangerous,1417,598412,B1,57.77
decrease,1418,597035,B1,57.76
hurt,1419,597035,B1,57.76
council,1420,595662,B1,57.75
editor,1421,594292,B1,57.74
normally,1422,594292,B1,57.74
sight,1423,594292,B1,57.74
generate,1424,592925,B1,57.73
gift,1425,592925,B1,57.73
delivery,1426,591562,B1,57.72
deny,1427,591562,B1,57.72
guest,1428,591562,B1,57.72
anybody,1429,590201,B1,57.71
bedroom,1430,590201,B1,57.71
quote,1431,590201,B1,57.71
climb,1432,588844,B1,57.7
basically,1433,588844,B1,57.7
violence,1434,587489,B1,57.69
minister,1435,587489,B1,57.69
mainly,1436,586138,B1,57.68
mouth,1437,586138,B1,57.68
noise,1438,586138,B1,57.68
manner,1439,584790,B1,57.67
gun,1440,584790,B1,57.67
square,1441,584790,B1,57.67
occasion,1442,582103,B1,57.65
familiar,1443,580764,B1,57.64
ignore,1444,580764,B1,57.64
destroy,1445,580764,B1,57.64
affair,1446,579429,B1,57.63
civil,1447,578096,B1,57.62
locate,1448,578096,B1,57.62
citizen,1449,578096,B1,57.62
temperature,1450,576766,B1,57.61
gold,1451,576766,B1,57.61
domestic,1452,571479,B1,57.57
load,1453,571479,B1,57.57
belief,1454,571479,B1,57.57
troop,1455,571479,B1,57.57
technical,1456,570164,B1,57.56
remind,1457,570164,B1,57.56
arrangement,1458,570164,B1,57.56
skin,1459,568853,B1,57.55
prison,1460,568853,B1,57.55
switch,1461,568853,B1,57.55
acquire,1462,567545,B1,57.54
corporate,1463,566239,B1,57.53
fairly,1464,566239,B1,57.53
wood,1465,566239,B1,57.53
participate,1466,566239,B1,57.53
tough,1467,566239,B1,57.53
tear,1468,564937,B1,57.52
representative,1469,564937,B1,57.52
capacity,1470,564937,B1,57.52
border,1471,563638,B1,57.51
shake,1472,563638,B1,57.51
assessment,1473,563638,B1,57.51
shoe,1474,563638,B1,57.51
ought,1475,562341,B1,57.5
ad,1476,562341,B1,57.5
fee,1477,561048,B1,57.49
hall,1478,561048,B1,57.49
regulation,1479,559758,B1,57.48
escape,1480,559758,B1,57.48
studio,1481,559758,B1,57.48
proper,1482,558470,B1,57.47
relax,1483,558470,B1,57.47
tourist,1484,558470,B1,57.47
component,1485,558470,B1,57.47
afford,1486,557186,B1,57.46
lawyer,1487,557186,B1,57.46
suspect,1488,555904,B1,57.45
cup,1489,555904,B1,57.45
description,1490,555904,B1,57.45
confidence,1491,554626,B1,57.44
industrial,1492,552077,B1,57.42
complain,1493,552077,B1,57.42
perspective,1494,552077,B1,57.42
error,1495,552077,B1,57.42
arrest,1496,552077,B1,57.42
assess,1497,550808,B1,57.41
register,1498,549541,B1,57.4
asset,1499,549541,B1,57.4
signal,1500,548277,B1,57.39
finger,1501,547016,B1,57.38
relevant,1502,547016,B1,57.38
explore,1503,545758,B1,57.37
leadership,1504,545758,B1,57.37
commitment,1505,544503,B1,57.36
wake,1506,544503,B1,57.36
necessarily,1507,543250,B1,57.35
bright,1508,542001,B1,57.34
frame,1509,542001,B1,57.34
slowly,1510,542001,B1,57.34
bond,1511,542001,B1,57.34
hire,1512,542001,B1,57.34
hole,1513,540754,B1,57.33
tie,1514,540754,B1,57.33
internal,1515,540754,B1,57.33
chain,1516,539511,B1,57.32
literature,1517,535797,B1,57.29
victim,1518,535797,B1,57.29
threaten,1519,534564,B1,57.28
division,1520,534564,B1,57.28
secure,1521,533335,B1,57.27
amaze,1522,533335,B1,57.27
device,1523,532108,B1,57.26
birth,1524,532108,B1,57.26
forest,1525,532108,B1,57.26
label,1526,532108,B1,57.26
root,1527,532108,B1,57.26
factory,1528,530884,B1,57.25
expense,1529,530884,B1,57.25
channel,1530,530884,B1,57.25
investigate,1531,530884,B1,57.25
recommendation,1532,529663,B1,57.24
rank,1533,528445,B1,57.23
typical,1534,528445,B1,57.23
west,1535,528445,B1,57.23
friendly,1536,528445,B1,57.23
resident,1537,528445,B1,57.23
provision,1538,528445,B1,57.23
concentrate,1539,527230,B1,57.22
plenty,1540,527230,B1,57.22
export,1541,526017,B1,57.21
entirely,1542,526017,B1,57.21
strongly,1543,526017,B1,57.21
bridge,1544,524807,B1,57.2
consist,1545,524807,B1,57.2
graduate,1546,524807,B1,57.2
brand,1547,523600,B1,57.19
moral,1548,522396,B1,57.18
insist,1549,521195,B1,57.17
combination,1550,521195,B1,57.17
abuse,1551,521195,B1,57.17
ice,1552,519996,B1,57.16
principal,1553,519996,B1,57.16
master,1554,519996,B1,57.16
definitely,1555,519996,B1,57.16
session,1556,519996,B1,57.16
grade,1557,519996,B1,57.16
nevertheless,1558,519996,B1,57.16
predict,1559,518800,B1,57.15
previously,1560,517607,B1,57.14
protection,1561,517607,B1,57.14
largely,1562,517607,B1,57.14
wed,1563,516416,B1,57.13
rent,1564,516416,B1,57.13
shot,1565,515229,B1,57.12
appearance,1566,515229,B1,57.12
reasonable,1567,515229,B1,57.12
guarantee,1568,515229,B1,57.12
till,1569,515229,B1,57.12
theme,1570,514044,B1,57.11
judgment,1571,514044,B1,57.11
odd,1572,514044,B1,57.11
approve,1573,512861,B1,57.1
loan,1574,512861,B1,57.1
definition,1575,512861,B1,57.1
elect,1576,511682,B1,57.09
atmosphere,1577,510505,B1,57.08
farmer,1578,510505,B1,57.08
comparison,1579,509331,B1,57.07
characteristic,1580,509331,B1,57.07
license,1581,509331,B1,57.07
rely,1582,509331,B1,57.07
narrow,1583,509331,B1,57.07
succeed,1584,508159,B1,57.06
identity,1585,508159,B1,57.06
desk,1586,506991,B1,57.05
permit,1587,505825,B1,57.04
seriously,1588,505825,B1,57.04
wild,1589,504661,B1,57.03
empty,1590,504661,B1,57.03
commission,1591,503501,B1,57.02
unique,1592,503501,B1,57.02
association,1593,502343,B1,57.01
instrument,1594,502343,B1,57.01
investor,1595,502343,B1,57.01
practical,1596,502343,B1,57.01
tea,1597,501187,B1,57
lovely,1598,500035,B1,56.99
soft,1599,500035,B1,56.99
row,1600,500035,B1,56.99
youth,1601,500035,B1,56.99
lock,1602,498884,B1,56.98
fuel,1603,498884,B1,56.98
expectation,1604,498884,B1,56.98
employment,1605,498884,B1,56.98
celebrate,1606,497737,B1,56.97
sexual,1607,497737,B1,56.97
shoulder,1608,496592,B1,56.96
breath,1609,496592,B1,56.96
increasingly,1610,496592,B1,56.96
import,1611,495450,B1,56.95
bottle,1612,495450,B1,56.95
ourselves,1613,495450,B1,56.95
sheet,1614,494311,B1,56.94
engine,1615,494311,B1,56.94
cast,1616,493174,B1,56.93
notion,1617,493174,B1,56.93
conservative,1618,493174,B1,56.93
journey,1619,492040,B1,56.92
opposition,1620,492040,B1,56.92
relief,1621,492040,B1,56.92
debt,1622,492040,B1,56.92
honor,1623,490908,B1,56.91
outcome,1624,488652,B1,56.89
blame,1625,488652,B1,56.89
explanation,1626,488652,B1,56.89
arise,1627,488652,B1,56.89
musical,1628,487528,B1,56.88
recover,1629,486407,B1,56.87
dad,1630,486407,B1,56.87
stretch,1631,486407,B1,56.87
declare,1632,485289,B1,56.86
retire,1633,485289,B1,56.86
tiny,1634,484172,B1,56.85
careful,1635,483059,B1,56.84
suitable,1636,483059,B1,56.84
native,1637,483059,B1,56.84
fruit,1638,483059,B1,56.84
analyze,1639,481948,B1,56.83
witness,1640,481948,B1,56.83
mail,1641,481948,B1,56.83
terrible,1642,481948,B1,56.83
researcher,1643,480839,B1,56.82
ordinary,1644,478630,B1,56.8
selection,1645,476431,B1,56.78
anywhere,1646,476431,B1,56.78
mental,1647,476431,B1,56.78
participant,1648,475335,B1,56.77
vision,1649,474242,B1,56.76
personality,1650,474242,B1,56.76
specifically,1651,474242,B1,56.76
fat,1652,473151,B1,56.75
entry,1653,473151,B1,56.75
fellow,1654,473151,B1,56.75
chemical,1655,473151,B1,56.75
capture,1656,473151,B1,56.75
tip,1657,472063,B1,56.74
discount,1658,472063,B1,56.74
peak,1659,472063,B1,56.74
chairman,1660,470977,B1,56.73
proportion,1661,470977,B1,56.73
ear,1662,469894,B1,56.72
disappear,1663,468813,B1,56.71
shout,1664,468813,B1,56.71
yard,1665,468813,B1,56.71
constant,1666,468813,B1,56.71
significantly,1667,466659,B1,56.69
hill,1668,464515,B1,56.67
considerable,1669,464515,B1,56.67
instruction,1670,464515,B1,56.67
intelligence,1671,464515,B1,56.67
ideal,1672,463447,B1,56.66
folk,1673,463447,B1,56.66
surely,1674,463447,B1,56.66
guard,1675,463447,B1,56.66
cat,1676,462381,B1,56.65
somewhat,1677,462381,B1,56.65
kiss,1678,461318,B1,56.64
presentation,1679,461318,B1,56.64
joint,1680,461318,B1,56.64
compete,1681,461318,B2,56.64
poll,1682,461318,B2,56.64
weak,1683,460257,B2,56.63
faith,1684,460257,B2,56.63
reduction,1685,459198,B2,56.62
reserve,1686,458142,B2,56.61
complaint,1687,458142,B2,56.61
bore,1688,457088,B2,56.6
mission,1689,457088,B2,56.6
somehow,1690,456037,B2,56.59
tone,1691,456037,B2,56.59
neighborhood,1692,456037,B2,56.59
passenger,1693,456037,B2,56.59
justice,1694,454988,B2,56.58
phase,1695,454988,B2,56.58
thin,1696,454988,B2,56.58
rush,1697,454988,B2,56.58
formal,1698,453942,B2,56.57
religion,1699,453942,B2,56.57
employer,1700,453942,B2,56.57
reject,1701,452898,B2,56.56
latter,1702,452898,B2,56.56
plate,1703,452898,B2,56.56
ban,1704,451856,B2,56.55
steal,1705,451856,B2,56.55
protest,1706,451856,B2,56.55
index,1707,451856,B2,56.55
sad,1708,450817,B2,56.54
frequently,1709,450817,B2,56.54
circle,1710,450817,B2,56.54
helpful,1711,449780,B2,56.53
command,1712,449780,B2,56.53
attractive,1713,448745,B2,56.52
sick,1714,448745,B2,56.52
impression,1715,447713,B2,56.51
unable,1716,447713,B2,56.51
joke,1717,447713,B2,56.51
sky,1718,447713,B2,56.51
column,1719,447713,B2,56.51
electronic,1720,447713,B2,56.51
impose,1721,446684,B2,56.5
criminal,1722,445656,B2,56.49
besides,1723,443609,B2,56.47
properly,1724,442588,B2,56.46
ancient,1725,442588,B2,56.46
coast,1726,441570,B2,56.45
ill,1727,441570,B2,56.45
kick,1728,441570,B2,56.45
closely,1729,441570,B2,56.45
multiple,1730,441570,B2,56.45
yield,1731,440555,B2,56.44
via,1732,440555,B2,56.44
legislation,1733,440555,B2,56.44
county,1734,439542,B2,56.43
unlike,1735,438531,B2,56.42
mobile,1736,438531,B2,56.42
assistant,1737,438531,B2,56.42
implement,1738,437522,B2,56.41
chart,1739,437522,B2,56.41
attach,1740,436516,B2,56.4
hell,1741,436516,B2,56.4
everywhere,1742,435512,B2,56.39
advise,1743,435512,B2,56.39
household,1744,435512,B2,56.39
acknowledge,1745,435512,B2,56.39
reward,1746,434510,B2,56.38
east,1747,434510,B2,56.38
hat,1748,434510,B2,56.38
academic,1749,433511,B2,56.37
voter,1750,433511,B2,56.37
meanwhile,1751,432514,B2,56.36
furthermore,1752,432514,B2,56.36
accuse,1753,432514,B2,56.36
scientific,1754,431519,B2,56.35
wage,1755,431519,B2,56.35
absence,1756,431519,B2,56.35
construct,1757,429536,B2,56.33
remark,1758,429536,B2,56.33
medicine,1759,429536,B2,56.33
professor,1760,429536,B2,56.33
rare,1761,429536,B2,56.33
intention,1762,429536,B2,56.33
dozen,1763,428549,B2,56.32
settlement,1764,428549,B2,56.32
gap,1765,428549,B2,56.32
widely,1766,426580,B2,56.3
minimum,1767,426580,B2,56.3
northern,1768,426580,B2,56.3
estate,1769,426580,B2,56.3
equally,1770,425598,B2,56.29
expose,1771,425598,B2,56.29
alive,1772,425598,B2,56.29
shut,1773,424620,B2,56.28
victory,1774,423643,B2,56.27
resolve,1775,423643,B2,56.27
critic,1776,423643,B2,56.27
variable,1777,422669,B2,56.26
enormous,1778,422669,B2,56.26
sweet,1779,422669,B2,56.26
permanent,1780,421697,B2,56.25
emotion,1781,421697,B2,56.25
pursue,1782,421697,B2,56.25
tall,1783,420727,B2,56.24
urge,1784,420727,B2,56.24
enemy,1785,420727,B2,56.24
appoint,1786,419759,B2,56.23
milk,1787,419759,B2,56.23
talent,1788,419759,B2,56.23
smell,1789,418794,B2,56.22
prior,1790,418794,B2,56.22
priority,1791,418794,B2,56.22
online,1792,418794,B2,56.22
phrase,1793,415911,B2,56.19
pilot,1794,415911,B2,56.19
stable,1795,415911,B2,56.19
merely,1796,414954,B2,56.18
resolution,1797,414954,B2,56.18
communicate,1798,414954,B2,56.18
injury,1799,414000,B2,56.17
vast,1800,414000,B2,56.17
exhibition,1801,414000,B2,56.17
producer,1802,414000,B2,56.17
regional,1803,414000,B2,56.17
immediate,1804,413048,B2,56.16
incident,1805,413048,B2,56.16
childhood,1806,413048,B2,56.16
draft,1807,413048,B2,56.16
slip,1808,413048,B2,56.16
accompany,1809,413048,B2,56.16
politician,1810,412098,B2,56.15
angry,1811,412098,B2,56.15
knock,1812,412098,B2,56.15
seed,1813,412098,B2,56.15
salary,1814,412098,B2,56.15
illustrate,1815,410204,B2,56.13
imply,1816,410204,B2,56.13
breakfast,1817,410204,B2,56.13
temporary,1818,409261,B2,56.12
liberal,1819,409261,B2,56.12
lake,1820,408319,B2,56.11
qualify,1821,408319,B2,56.11
competitive,1822,407380,B2,56.1
truly,1823,406443,B2,56.09
hi,1824,405509,B2,56.08
yellow,1825,405509,B2,56.08
habit,1826,405509,B2,56.08
disk,1827,405509,B2,56.08
core,1828,405509,B2,56.08
emotional,1829,405509,B2,56.08
aircraft,1830,404576,B2,56.07
self,1831,404576,B2,56.07
metal,1832,404576,B2,56.07
existence,1833,404576,B2,56.07
bone,1834,403645,B2,56.06
panel,1835,402717,B2,56.05
prime,1836,402717,B2,56.05
appointment,1837,401791,B2,56.04
emphasize,1838,400867,B2,56.03
maximum,1839,400867,B2,56.03
effectively,1840,399945,B2,56.02
elsewhere,1841,399025,B2,56.01
bother,1842,399025,B2,56.01
initiative,1843,399025,B2,56.01
sharp,1844,399025,B2,56.01
diet,1845,398107,B2,56
motion,1846,398107,B2,56
gray,1847,398107,B2,56
plastic,1848,398107,B2,56
complicate,1849,397192,B2,55.99
discipline,1850,397192,B2,55.99
disappoint,1851,397192,B2,55.99
boss,1852,396278,B2,55.98
assumption,1853,396278,B2,55.98
freeze,1854,396278,B2,55.98
extreme,1855,396278,B2,55.98
passage,1856,396278,B2,55.98
reputation,1857,396278,B2,55.98
forth,1858,396278,B2,55.98
negotiation,1859,395367,B2,55.97
mechanism,1860,394457,B2,55.96
coat,1861,394457,B2,55.96
democracy,1862,394457,B2,55.96
pocket,1863,394457,B2,55.96
lucky,1864,394457,B2,55.96
crash,1865,394457,B2,55.96
observation,1866,394457,B2,55.96
meat,1867,393550,B2,55.95
concentration,1868,393550,B2,55.95
implication,1869,393550,B2,55.95
deserve,1870,392645,B2,55.94
unusual,1871,392645,B2,55.94
defend,1872,392645,B2,55.94
classic,1873,391742,B2,55.93
king,1874,391742,B2,55.93
interaction,1875,390841,B2,55.92
repair,1876,390841,B2,55.92
collapse,1877,390841,B2,55.92
borrow,1878,390841,B2,55.92
fundamental,1879,389045,B2,55.9
dish,1880,388150,B2,55.89
abroad,1881,388150,B2,55.89
soul,1882,388150,B2,55.89
capable,1883,387258,B2,55.88
defeat,1884,387258,B2,55.88
presidential,1885,386367,B2,55.87
perfectly,1886,386367,B2,55.87
enhance,1887,386367,B2,55.87
proud,1888,386367,B2,55.87
emergency,1889,386367,B2,55.87
educational,1890,386367,B2,55.87
distinguish,1891,385478,B2,55.86
substantial,1892,385478,B2,55.86
nearby,1893,384592,B2,55.85
manufacturer,1894,384592,B2,55.85
slide,1895,384592,B2,55.85
valuable,1896,384592,B2,55.85
personally,1897,384592,B2,55.85
breast,1898,384592,B2,55.85
cope,1899,382825,B2,55.83
approximately,1900,382825,B2,55.83
accommodation,1901,382825,B2,55.83
highlight,1902,382825,B2,55.83
reporter,1903,382825,B2,55.83
climate,1904,382825,B2,55.83
shirt,1905,381944,B2,55.82
exception,1906,381944,B2,55.82
corporation,1907,381944,B2,55.82
chip,1908,381066,B2,55.81
winner,1909,381066,B2,55.81
encounter,1910,381066,B2,55.81
brown,1911,381066,B2,55.81
breathe,1912,381066,B2,55.81
excuse,1913,380189,B2,55.8
partly,1914,380189,B2,55.8
tennis,1915,379315,B2,55.79
urban,1916,379315,B2,55.79
confuse,1917,379315,B2,55.79
southern,1918,379315,B2,55.79
output,1919,379315,B2,55.79
beauty,1920,379315,B2,55.79
massive,1921,379315,B2,55.79
install,1922,378443,B2,55.78
calculate,1923,378443,B2,55.78
mouse,1924,378443,B2,55.78
mathematics,1925,377572,B2,55.77
upper,1926,377572,B2,55.77
creation,1927,376704,B2,55.76
occupy,1928,376704,B2,55.76
outline,1929,376704,B2,55.76
sufficient,1930,376704,B2,55.76
update,1931,376704,B2,55.76
luck,1932,375837,B2,55.75
preserve,1933,375837,B2,55.75
split,1934,375837,B2,55.75
swing,1935,375837,B2,55.75
illness,1936,375837,B2,55.75
journalist,1937,375837,B2,55.75
sudden,1938,375837,B2,55.75
advertisement,1939,374973,B2,55.74
consistent,1940,374973,B2,55.74
originally,1941,374111,B2,55.73
aside,1942,374111,B2,55.73
comfort,1943,372392,B2,55.71
secondly,1944,372392,B2,55.71
severe,1945,371535,B2,55.7
gene,1946,371535,B2,55.7
prospect,1947,371535,B2,55.7
snow,1948,371535,B2,55.7
plot,1949,371535,B2,55.7
neck,1950,370681,B2,55.69
criterion,1951,368978,B2,55.67
primarily,1952,368978,B2,55.67
integrate,1953,368978,B2,55.67
criticism,1954,368129,B2,55.66
convention,1955,368129,B2,55.66
bet,1956,368129,B2,55.66
retain,1957,368129,B2,55.66
sequence,1958,368129,B2,55.66
plain,1959,367282,B2,55.65
volunteer,1960,366438,B2,55.64
rural,1961,366438,B2,55.64
calm,1962,366438,B2,55.64
abandon,1963,366438,B2,55.64
examination,1964,366438,B2,55.64
silence,1965,366438,B2,55.64
rapidly,1966,365595,B2,55.63
efficient,1967,364754,B2,55.62
revolution,1968,364754,B2,55.62
delight,1969,364754,B2,55.62
spell,1970,363915,B2,55.61
premise,1971,363915,B2,55.61
lean,1972,363078,B2,55.6
dramatic,1973,363078,B2,55.6
differ,1974,362243,B2,55.59
grateful,1975,362243,B2,55.59
protein,1976,362243,B2,55.59
bike,1977,362243,B2,55.59
distribute,1978,361410,B2,55.58
intellectual,1979,361410,B2,55.58
derive,1980,361410,B2,55.58
crucial,1981,361410,B2,55.58
unemployment,1982,360579,B2,55.57
wheel,1983,360579,B2,55.57
crop,1984,360579,B2,55.57
minority,1985,360579,B2,55.57
origin,1986,360579,B2,55.57
interpretation,1987,360579,B2,55.57
gentleman,1988,359749,B2,55.56
drama,1989,359749,B2,55.56
landscape,1990,359749,B2,55.56
educate,1991,359749,B2,55.56
toy,1992,358922,B2,55.55
fault,1993,358922,B2,55.55
exhibit,1994,358922,B2,55.55
minor,1995,358096,B2,55.54
hunt,1996,357273,B2,55.53
storm,1997,357273,B2,55.53
thick,1998,357273,B2,55.53
achievement,1999,357273,B2,55.53
negotiate,2000,357273,B2,55.53
dominate,2001,356451,B2,55.52
supplier,2002,355631,B2,55.51
prize,2003,355631,B2,55.51
typically,2004,355631,B2,55.51
peer,2005,355631,B2,55.51
pension,2006,355631,B2,55.51
wing,2007,355631,B2,55.51
acquisition,2008,355631,B2,55.51
laughter,2009,354813,B2,55.5
deeply,2010,354813,B2,55.5
recognition,2011,354813,B2,55.5
electricity,2012,354813,B2,55.5
assistance,2013,354813,B2,55.5
roof,2014,354813,B2,55.5
retirement,2015,354813,B2,55.5
respectively,2016,353997,B2,55.49
variation,2017,353997,B2,55.49
ultimately,2018,353997,B2,55.49
proof,2019,353183,B2,55.48
soil,2020,353183,B2,55.48
smart,2021,353183,B2,55.48
layer,2022,353183,B2,55.48
upset,2023,353183,B2,55.48
tooth,2024,352371,B2,55.47
representation,2025,352371,B2,55.47
preparation,2026,352371,B2,55.47
dispute,2027,352371,B2,55.47
agenda,2028,351560,B2,55.46
emphasis,2029,351560,B2,55.46
edition,2030,351560,B2,55.46
silver,2031,351560,B2,55.46
entertainment,2032,351560,B2,55.46
honest,2033,351560,B2,55.46
undertake,2034,349945,B2,55.44
retail,2035,349945,B2,55.44
wire,2036,349945,B2,55.44
unlikely,2037,349945,B2,55.44
gay,2038,349140,B2,55.43
publication,2039,349140,B2,55.43
slight,2040,349140,B2,55.43
unknown,2041,349140,B2,55.43
framework,2042,348337,B2,55.42
zone,2043,348337,B2,55.42
restrict,2044,348337,B2,55.42
trace,2045,347536,B2,55.41
inch,2046,347536,B2,55.41
equivalent,2047,347536,B2,55.41
solid,2048,345939,B2,55.39
enterprise,2049,345939,B2,55.39
elderly,2050,345939,B2,55.39
owe,2051,345939,B2,55.39
governor,2052,345144,B2,55.38
uniform,2053,345144,B2,55.38
port,2054,344350,B2,55.37
pitch,2055,344350,B2,55.37
arrival,2056,344350,B2,55.37
contemporary,2057,343558,B2,55.36
gate,2058,343558,B2,55.36
ease,2059,343558,B2,55.36
beer,2060,343558,B2,55.36
specialist,2061,342768,B2,55.35
assure,2062,342768,B2,55.35
profile,2063,342768,B2,55.35
mood,2064,341979,B2,55.34
episode,2065,341979,B2,55.34
crack,2066,341193,B2,55.33
numerous,2067,341193,B2,55.33
submit,2068,340408,B2,55.32
symptom,2069,340408,B2,55.32
virtually,2070,339625,B2,55.31
era,2071,339625,B2,55.31
coverage,2072,338844,B2,55.3
tension,2073,338844,B2,55.3
cable,2074,338065,B2,55.29
sensitive,2075,338065,B2,55.29
nervous,2076,338065,B2,55.29
input,2077,338065,B2,55.29
isolate,2078,337287,B2,55.28
prisoner,2079,336512,B2,55.27
eliminate,2080,336512,B2,55.27
tight,2081,336512,B2,55.27
wet,2082,336512,B2,55.27
secondary,2083,335738,B2,55.26
welfare,2084,335738,B2,55.26
recruit,2085,335738,B2,55.26
exclude,2086,334965,B2,55.25
string,2087,334965,B2,55.25
cloud,2088,334965,B2,55.25
persuade,2089,334965,B2,55.25
inspire,2090,334195,B2,55.24
grand,2091,334195,B2,55.24
hence,2092,334195,B2,55.24
crew,2093,333426,B2,55.23
phenomenon,2094,333426,B2,55.23
pupil,2095,333426,B2,55.23
false,2096,333426,B2,55.23
assist,2097,332660,B2,55.22
restore,2098,332660,B2,55.22
formula,2099,331894,B2,55.21
alter,2100,331894,B2,55.21
perceive,2101,331131,C1,55.2
routine,2102,331131,C1,55.2
sink,2103,330370,C1,55.19
stare,2104,330370,C1,55.19
anymore,2105,330370,C1,55.19
hero,2106,329610,C1,55.18
supporter,2107,329610,C1,55.18
convert,2108,329610,C1,55.18
steady,2109,329610,C1,55.18
meter,2110,328852,C1,55.17
truck,2111,328852,C1,55.17
nose,2112,328852,C1,55.17
beside,2113,328852,C1,55.17
sail,2114,328852,C1,55.17
disaster,2115,328852,C1,55.17
pace,2116,328852,C1,55.17
heavily,2117,328852,C1,55.17
devote,2118,328095,C1,55.16
terrorist,2119,328095,C1,55.16
justify,2120,328095,C1,55.16
vital,2121,328095,C1,55.16
fascinate,2122,328095,C1,55.16
external,2123,327341,C1,55.15
spare,2124,327341,C1,55.15
whenever,2125,327341,C1,55.15
depression,2126,326588,C1,55.14
guilty,2127,326588,C1,55.14
underlie,2128,326588,C1,55.14
mom,2129,326588,C1,55.14
distinction,2130,326588,C1,55.14
satisfaction,2131,326588,C1,55.14
incorporate,2132,326588,C1,55.14
pour,2133,326588,C1,55.14
sweep,2134,325837,C1,55.13
obligation,2135,325837,C1,55.13
sir,2136,325087,C1,55.12
evaluate,2137,324340,C1,55.11
anger,2138,323594,C1,55.1
pub,2139,323594,C1,55.1
perception,2140,323594,C1,55.1
naturally,2141,322849,C1,55.09
currency,2142,322849,C1,55.09
database,2143,322849,C1,55.09
initially,2144,322849,C1,55.09
territory,2145,322107,C1,55.08
stream,2146,322107,C1,55.08
rarely,2147,322107,C1,55.08
height,2148,321366,C1,55.07
apparent,2149,321366,C1,55.07
western,2150,321366,C1,55.07
expansion,2151,320627,C1,55.06
constantly,2152,320627,C1,55.06
muscle,2153,320627,C1,55.06
scare,2154,320627,C1,55.06
badly,2155,319890,C1,55.05
everyday,2156,319890,C1,55.05
boundary,2157,319890,C1,55.05
ratio,2158,319890,C1,55.05
essay,2159,319890,C1,55.05
scream,2160,319154,C1,55.04
withdraw,2161,318420,C1,55.03
pollution,2162,318420,C1,55.03
disorder,2163,318420,C1,55.03
furniture,2164,317687,C1,55.02
symbol,2165,316957,C1,55.01
apartment,2166,316957,C1,55.01
demonstration,2167,316957,C1,55.01
analyst,2168,316228,C1,55
platform,2169,315500,C1,54.99
steel,2170,315500,C1,54.99
cake,2171,315500,C1,54.99
transform,2172,315500,C1,54.99
wound,2173,314775,C1,54.98
restriction,2174,314775,C1,54.98
foundation,2175,314775,C1,54.98
designer,2176,314775,C1,54.98
strain,2177,314775,C1,54.98
innovation,2178,314051,C1,54.97
album,2179,314051,C1,54.97
singer,2180,314051,C1,54.97
trail,2181,313329,C1,54.96
trap,2182,313329,C1,54.96
loose,2183,313329,C1,54.96
extension,2184,312608,C1,54.95
wealth,2185,312608,C1,54.95
gradually,2186,312608,C1,54.95
tank,2187,312608,C1,54.95
evil,2188,311889,C1,54.94
remarkable,2189,311889,C1,54.94
tune,2190,311889,C1,54.94
grass,2191,311889,C1,54.94
invitation,2192,311889,C1,54.94
transition,2193,311889,C1,54.94
frighten,2194,311172,C1,54.93
bid,2195,311172,C1,54.93
breed,2196,311172,C1,54.93
extraordinary,2197,311172,C1,54.93
brilliant,2198,311172,C1,54.93
adviser,2199,311172,C1,54.93
stem,2200,311172,C1,54.93
reverse,2201,310456,C1,54.92
mode,2202,310456,C1,54.92
mirror,2203,310456,C1,54.92
awful,2204,310456,C1,54.92
pose,2205,310456,C1,54.92
adjust,2206,310456,C1,54.92
creative,2207,309742,C1,54.91
nowadays,2208,309742,C1,54.91
poem,2209,309742,C1,54.91
agricultural,2210,309742,C1,54.91
competitor,2211,309742,C1,54.91
alcohol,2212,309742,C1,54.91
festival,2213,309030,C1,54.9
vegetable,2214,309030,C1,54.9
van,2215,309030,C1,54.9
confident,2216,309030,C1,54.9
planet,2217,307610,C1,54.88
curve,2218,307610,C1,54.88
knee,2219,307610,C1,54.88
overcome,2220,307610,C1,54.88
web,2221,306902,C1,54.87
depth,2222,306902,C1,54.87
entrance,2223,306196,C1,54.86
log,2224,306196,C1,54.86
giant,2225,306196,C1,54.86
god,2226,305492,C1,54.85
portion,2227,305492,C1,54.85
substance,2228,305492,C1,54.85
extensive,2229,305492,C1,54.85
interpret,2230,304789,C1,54.84
independence,2231,304089,C1,54.83
sugar,2232,304089,C1,54.83
inner,2233,304089,C1,54.83
harm,2234,303389,C1,54.82
consult,2235,303389,C1,54.82
pink,2236,302691,C1,54.81
shadow,2237,302691,C1,54.81
strip,2238,302691,C1,54.81
smooth,2239,302691,C1,54.81
intervention,2240,302691,C1,54.81
impress,2241,302691,C1,54.81
exam,2242,302691,C1,54.81
vice,2243,302691,C1,54.81
radical,2244,301995,C1,54.8
similarly,2245,301995,C1,54.8
behave,2246,301995,C1,54.8
loud,2247,301995,C1,54.8
dimension,2248,301995,C1,54.8
subsequent,2249,301301,C1,54.79
infection,2250,301301,C1,54.79
jacket,2251,300608,C1,54.78
efficiency,2252,300608,C1,54.78
dirty,2253,300608,C1,54.78
statistic,2254,300608,C1,54.78
regularly,2255,300608,C1,54.78
resort,2256,300608,C1,54.78
iron,2257,299916,C1,54.77
broadcast,2258,299916,C1,54.77
membership,2259,299916,C1,54.77
bread,2260,299916,C1,54.77
blind,2261,299916,C1,54.77
pure,2262,299226,C1,54.76
bloody,2263,299226,C1,54.76
ally,2264,299226,C1,54.76
quantity,2265,299226,C1,54.76
bend,2266,299226,C1,54.76
mature,2267,298538,C1,54.75
briefly,2268,298538,C1,54.75
alarm,2269,298538,C1,54.75
disturb,2270,297852,C1,54.74
sustain,2271,297852,C1,54.74
flood,2272,297852,C1,54.74
poverty,2273,297167,C1,54.73
crazy,2274,297167,C1,54.73
cite,2275,297167,C1,54.73
newly,2276,296483,C1,54.72
parallel,2277,296483,C1,54.72
gender,2278,296483,C1,54.72
sponsor,2279,296483,C1,54.72
boot,2280,295801,C1,54.71
accurate,2281,295121,C1,54.7
dealer,2282,294442,C1,54.69
button,2283,294442,C1,54.69
burden,2284,294442,C1,54.69
desert,2285,294442,C1,54.69
mate,2286,294442,C1,54.69
occasionally,2287,293765,C1,54.68
shareholder,2288,293765,C1,54.68
bowl,2289,293089,C1,54.67
discovery,2290,293089,C1,54.67
resistance,2291,293089,C1,54.67
bath,2292,292415,C1,54.66
frequency,2293,292415,C1,54.66
criticize,2294,292415,C1,54.66
tap,2295,291743,C1,54.65
philosophy,2296,291743,C1,54.65
lip,2297,291072,C1,54.64
attribute,2298,291072,C1,54.64
apologize,2299,291072,C1,54.64
approval,2300,290402,C1,54.63
grab,2301,290402,C1,54.63
entitle,2302,290402,C1,54.63
lend,2303,290402,C1,54.63
involvement,2304,290402,C1,54.63
exposure,2305,290402,C1,54.63
conventional,2306,289734,C1,54.62
digital,2307,289734,C1,54.62
translate,2308,289068,C1,54.61
edit,2309,288403,C1,54.6
formation,2310,288403,C1,54.6
deposit,2311,288403,C1,54.6
pleasant,2312,287078,C1,54.58
overseas,2313,287078,C1,54.58
advocate,2314,287078,C1,54.58
establishment,2315,286418,C1,54.57
summary,2316,285759,C1,54.56
rough,2317,285759,C1,54.56
pen,2318,285102,C1,54.55
recovery,2319,285102,C1,54.55
seal,2320,285102,C1,54.55
tube,2321,285102,C1,54.55
tower,2322,284446,C1,54.54
characterize,2323,284446,C1,54.54
specify,2324,283792,C1,54.53
exact,2325,283139,C1,54.52
spin,2326,283139,C1,54.52
operator,2327,282488,C1,54.51
infant,2328,282488,C1,54.51
dig,2329,281838,C1,54.5
drag,2330,281838,C1,54.5
mount,2331,281838,C1,54.5
wrap,2332,281838,C1,54.5
anticipate,2333,281838,C1,54.5
dependent,2334,281838,C1,54.5
specialize,2335,281838,C1,54.5
angle,2336,281190,C1,54.49
chicken,2337,281190,C1,54.49
anxiety,2338,281190,C1,54.49
virus,2339,280543,C1,54.48
precisely,2340,280543,C1,54.48
rival,2341,280543,C1,54.48
offense,2342,280543,C1,54.48
detect,2343,280543,C1,54.48
teenager,2344,279898,C1,54.47
admire,2345,279898,C1,54.47
moderate,2346,279254,C1,54.46
surgery,2347,279254,C1,54.46
musician,2348,279254,C1,54.46
significance,2349,279254,C1,54.46
shower,2350,278612,C1,54.45
illegal,2351,278612,C1,54.45
charity,2352,277971,C1,54.44
universal,2353,277971,C1,54.44
cigarette,2354,277971,C1,54.44
constitute,2355,277971,C1,54.44
adequate,2356,277971,C1,54.44
consultant,2357,277971,C1,54.44
historian,2358,277971,C1,54.44
cousin,2359,277332,C1,54.43
visual,2360,277332,C1,54.43
stupid,2361,277332,C1,54.43
keen,2362,276694,C1,54.42
ethnic,2363,276058,C1,54.41
twin,2364,276058,C1,54.41
clinical,2365,276058,C1,54.41
eastern,2366,275423,C1,54.4
forecast,2367,275423,C1,54.4
segment,2368,275423,C1,54.4
custom,2369,275423,C1,54.4
adapt,2370,275423,C1,54.4
sand,2371,274789,C1,54.39
cap,2372,274789,C1,54.39
prompt,2373,274157,C1,54.38
charm,2374,274157,C1,54.38
react,2375,274157,C1,54.38
lecture,2376,273527,C1,54.37
venture,2377,273527,C1,54.37
compound,2378,273527,C1,54.37
rescue,2379,273527,C1,54.37
mess,2380,272898,C1,54.36
preference,2381,272898,C1,54.36
comprehensive,2382,272270,C1,54.35
incentive,2383,272270,C1,54.35
league,2384,271019,C1,54.33
dialog,2385,271019,C1,54.33
cream,2386,271019,C1,54.33
rapid,2387,270396,C1,54.32
cancel,2388,270396,C1,54.32
regret,2389,270396,C1,54.32
dismiss,2390,270396,C1,54.32
margin,2391,270396,C1,54.32
beneath,2392,270396,C1,54.32
opponent,2393,269774,C1,54.31
resist,2394,269153,C1,54.3
capability,2395,269153,C1,54.3
absolute,2396,269153,C1,54.3
correspond,2397,269153,C1,54.3
stroke,2398,269153,C1,54.3
dare,2399,269153,C1,54.3
barrier,2400,269153,C1,54.3
rid,2401,268534,C1,54.29
divorce,2402,267301,C1,54.27
ruin,2403,266686,C1,54.26
bury,2404,266686,C1,54.26
counsel,2405,266686,C1,54.26
tendency,2406,266686,C1,54.26
frequent,2407,266686,C1,54.26
motor,2408,266073,C1,54.25
survival,2409,266073,C1,54.25
counter,2410,266073,C1,54.25
possess,2411,266073,C1,54.25
permission,2412,265461,C1,54.24
valley,2413,265461,C1,54.24
float,2414,265461,C1,54.24
mad,2415,265461,C1,54.24
greatly,2416,264850,C1,54.23
visible,2417,264850,C1,54.23
electric,2418,264850,C1,54.23
impressive,2419,264241,C1,54.22
evolution,2420,263633,C1,54.21
awareness,2421,263633,C1,54.21
violent,2422,263633,C1,54.21
slave,2423,263633,C1,54.21
wealthy,2424,263633,C1,54.21
architecture,2425,263633,C1,54.21
acceptable,2426,263633,C1,54.21
journal,2427,263633,C1,54.21
coal,2428,263633,C1,54.21
measurement,2429,263633,C1,54.21
random,2430,263633,C1,54.21
successfully,2431,262422,C1,54.19
depress,2432,262422,C1,54.19
illustration,2433,261818,C1,54.18
burst,2434,261818,C1,54.18
privilege,2435,261818,C1,54.18
buyer,2436,261818,C1,54.18
mutual,2437,261818,C1,54.18
rail,2438,261216,C1,54.17
motivate,2439,260615,C1,54.16
laboratory,2440,260016,C1,54.15
mortgage,2441,260016,C1,54.15
promotion,2442,259418,C1,54.14
passion,2443,259418,C1,54.14
champion,2444,258821,C1,54.13
fulfill,2445,258821,C1,54.13
dust,2446,258821,C1,54.13
dedicate,2447,258226,C1,54.12
roughly,2448,258226,C1,54.12
skirt,2449,258226,C1,54.12
province,2450,258226,C1,54.12
march,2451,257632,C1,54.11
evaluation,2452,257632,C1,54.11
compromise,2453,257632,C1,54.11
accomplish,2454,257632,C1,54.11
weakness,2455,257632,C1,54.11
announcement,2456,257632,C1,54.11
salt,2457,257632,C1,54.11
glance,2458,257040,C1,54.1
opera,2459,257040,C1,54.1
contest,2460,257040,C1,54.1
brush,2461,257040,C1,54.1
embarrass,2462,256448,C1,54.09
gallery,2463,256448,C1,54.09
genetic,2464,256448,C1,54.09
aggressive,2465,256448,C1,54.09
chest,2466,256448,C1,54.09
format,2467,255859,C1,54.08
literary,2468,255859,C1,54.08
govern,2469,255859,C1,54.08
embrace,2470,254683,C1,54.06
praise,2471,254097,C1,54.05
silent,2472,254097,C1,54.05
pump,2473,253513,C1,54.04
publisher,2474,253513,C1,54.04
celebration,2475,253513,C1,54.04
golf,2476,253513,C1,54.04
compensation,2477,253513,C1,54.04
classical,2478,253513,C1,54.04
weigh,2479,252930,C1,54.03
versus,2480,252930,C1,54.03
deficit,2481,252348,C1,54.02
modify,2482,252348,C1,54.02
flash,2483,252348,C1,54.02
friendship,2484,252348,C1,54.02
profession,2485,251768,C1,54.01
literally,2486,251768,C1,54.01
equation,2487,251768,C1,54.01
gesture,2488,251768,C1,54.01
entertain,2489,251189,C1,54
fantastic,2490,251189,C1,54
assign,2491,251189,C1,54
inflation,2492,251189,C1,54
historic,2493,251189,C1,54
injure,2494,250035,C1,53.98
remote,2495,250035,C1,53.98
therapy,2496,249459,C1,53.97
orange,2497,249459,C1,53.97
twist,2498,249459,C1,53.97
personnel,2499,249459,C1,53.97
imagination,2500,248886,C1,53.96
disagree,2501,248886,C1,53.96
throat,2502,248313,C1,53.95
insight,2503,247742,C1,53.94
tackle,2504,247742,C1,53.94
forever,2505,247172,C1,53.93
exceed,2506,247172,C1,53.93
expenditure,2507,247172,C1,53.93
joy,2508,246604,C1,53.92
pregnant,2509,246037,C1,53.91
reliable,2510,246037,C1,53.91
gear,2511,246037,C1,53.91
poet,2512,246037,C1,53.91
fortune,2513,246037,C1,53.91
ceremony,2514,245471,C1,53.9
pile,2515,245471,C1,53.9
pig,2516,244906,C1,53.89
mixture,2517,244906,C1,53.89
automatically,2518,244343,C1,53.88
scholar,2519,243781,C1,53.87
psychological,2520,243781,C1,53.87
dramatically,2521,243781,C2,53.87
stake,2522,243781,C2,53.87
creature,2523,243781,C2,53.87
partnership,2524,243781,C2,53.87
participation,2525,243220,C2,53.86
clause,2526,243220,C2,53.86
penalty,2527,243220,C2,53.86
chamber,2528,243220,C2,53.86
fancy,2529,243220,C2,53.86
poetry,2530,243220,C2,53.86
chat,2531,242661,C2,53.85
clothing,2532,242661,C2,53.85
evolve,2533,242661,C2,53.85
sake,2534,242661,C2,53.85
shelf,2535,242103,C2,53.84
boost,2536,242103,C2,53.84
tail,2537,241546,C2,53.83
possession,2538,241546,C2,53.83
abortion,2539,241546,C2,53.83
curious,2540,241546,C2,53.83
wooden,2541,240991,C2,53.82
boom,2542,240991,C2,53.82
tale,2543,240991,C2,53.82
democratic,2544,240436,C2,53.81
maintenance,2545,239883,C2,53.8
consequently,2546,239883,C2,53.8
pot,2547,239883,C2,53.8
cow,2548,239332,C2,53.79
strengthen,2549,239332,C2,53.79
whilst,2550,239332,C2,53.79
constraint,2551,239332,C2,53.79
fold,2552,239332,C2,53.79
bin,2553,239332,C2,53.79
undergo,2554,239332,C2,53.79
potentially,2555,238781,C2,53.78
scope,2556,238781,C2,53.78
pretend,2557,238781,C2,53.78
diversity,2558,238232,C2,53.77
allege,2559,238232,C2,53.77
pride,2560,237684,C2,53.76
intense,2561,237684,C2,53.76
inquiry,2562,237137,C2,53.75
resign,2563,237137,C2,53.75
craft,2564,237137,C2,53.75
strict,2565,237137,C2,53.75
concrete,2566,236592,C2,53.74
shell,2567,236592,C2,53.74
damn,2568,235505,C2,53.72
distinct,2569,235505,C2,53.72
humor,2570,234963,C2,53.71
limitation,2571,234963,C2,53.71
indication,2572,234963,C2,53.71
stability,2573,234423,C2,53.7
wise,2574,234423,C2,53.7
neglect,2575,234423,C2,53.7
compose,2576,234423,C2,53.7
jail,2577,234423,C2,53.7
shelter,2578,233884,C2,53.69
mere,2579,233884,C2,53.69
carbon,2580,233884,C2,53.69
regulate,2581,233884,C2,53.69
cheese,2582,233346,C2,53.68
trigger,2583,233346,C2,53.68
pipe,2584,232809,C2,53.67
destruction,2585,232809,C2,53.67
guitar,2586,232809,C2,53.67
flag,2587,232809,C2,53.67
piano,2588,232274,C2,53.66
magic,2589,232274,C2,53.66
mystery,2590,232274,C2,53.66
ski,2591,232274,C2,53.66
whisper,2592,231739,C2,53.65
rear,2593,231739,C2,53.65
menu,2594,231739,C2,53.65
species,2595,231206,C2,53.64
moon,2596,231206,C2,53.64
presumably,2597,231206,C2,53.64
bless,2598,231206,C2,53.64
airline,2599,231206,C2,53.64
amendment,2600,230675,C2,53.63
grandmother,2601,230675,C2,53.63
jury,2602,230144,C2,53.62
cooperation,2603,230144,C2,53.62
civilian,2604,229615,C2,53.61
composition,2605,229615,C2,53.61
coin,2606,229087,C2,53.6
regardless,2607,229087,C2,53.6
scan,2608,228560,C2,53.59
bunch,2609,228560,C2,53.59
racial,2610,228034,C2,53.58
greet,2611,228034,C2,53.58
hopefully,2612,228034,C2,53.58
sanction,2613,228034,C2,53.58
trick,2614,228034,C2,53.58
paragraph,2615,228034,C2,53.58
maker,2616,227510,C2,53.57
chocolate,2617,226986,C2,53.56
stimulate,2618,226986,C2,53.56
belt,2619,226986,C2,53.56
potato,2620,226464,C2,53.55
narrative,2621,226464,C2,53.55
tissue,2622,226464,C2,53.55
barely,2623,225944,C2,53.54
invent,2624,225944,C2,53.54
tourism,2625,225944,C2,53.54
pro,2626,225424,C2,53.53
stair,2627,225424,C2,53.53
hesitate,2628,224905,C2,53.52
shine,2629,224905,C2,53.52
motivation,2630,224905,C2,53.52
romantic,2631,224388,C2,53.51
firmly,2632,224388,C2,53.51
interior,2633,224388,C2,53.51
stomach,2634,224388,C2,53.51
nowhere,2635,223872,C2,53.5
pray,2636,223357,C2,53.49
championship,2637,222844,C2,53.48
servant,2638,222844,C2,53.48
immigrant,2639,222844,C2,53.48
excess,2640,222844,C2,53.48
complexity,2641,222331,C2,53.47
liability,2642,222331,C2,53.47
surprisingly,2643,221820,C2,53.46
extract,2644,221820,C2,53.46
implementation,2645,221309,C2,53.45
bias,2646,220800,C2,53.44
differently,2647,220800,C2,53.44
catalog,2648,220293,C2,53.43
continuous,2649,220293,C2,53.43
golden,2650,219786,C2,53.42
stamp,2651,219786,C2,53.42
guideline,2652,219280,C2,53.41
envelope,2653,219280,C2,53.41
knife,2654,219280,C2,53.41
biological,2655,218776,C2,53.4
consume,2656,218776,C2,53.4
luxury,2657,218273,C2,53.39
weekly,2658,218273,C2,53.39
wherever,2659,218273,C2,53.39
bite,2660,217771,C2,53.38
printer,2661,217771,C2,53.38
firstly,2662,217771,C2,53.38
anxious,2663,217771,C2,53.38
adventure,2664,217771,C2,53.38
fence,2665,217270,C2,53.37
exhaust,2666,216770,C2,53.36
attraction,2667,216770,C2,53.36
ocean,2668,216770,C2,53.36
quietly,2669,216770,C2,53.36
castle,2670,216770,C2,53.36
veteran,2671,216272,C2,53.35
reflection,2672,216272,C2,53.35
nerve,2673,216272,C2,53.35
determination,2674,215774,C2,53.34
altogether,2675,215774,C2,53.34
fiction,2676,215278,C2,53.33
carpet,2677,214289,C2,53.31
cluster,2678,214289,C2,53.31
confusion,2679,213304,C2,53.29
hurry,2680,213304,C2,53.29
logic,2681,213304,C2,53.29
controversial,2682,212814,C2,53.28
raw,2683,212814,C2,53.28
grammar,2684,211836,C2,53.26
revise,2685,211836,C2,53.26
hint,2686,211836,C2,53.26
hook,2687,211349,C2,53.25
bell,2688,211349,C2,53.25
liquid,2689,210863,C2,53.24
panic,2690,210863,C2,53.24
uncle,2691,210378,C2,53.23
rice,2692,209894,C2,53.22
slope,2693,209894,C2,53.22
happiness,2694,209411,C2,53.21
genuine,2695,209411,C2,53.21
vessel,2696,208930,C2,53.2
verb,2697,208930,C2,53.2
reckon,2698,208449,C2,53.19
silly,2699,207970,C2,53.18
transportation,2700,207970,C2,53.18
harbor,2701,207970,C2,53.18
comedy,2702,207491,C2,53.17
chase,2703,207491,C2,53.17
storage,2704,207014,C2,53.16
universe,2705,207014,C2,53.16
horrible,2706,207014,C2,53.16
sheep,2707,207014,C2,53.16
lover,2708,207014,C2,53.16
rat,2709,206538,C2,53.15
portrait,2710,206538,C2,53.15
innocent,2711,206538,C2,53.15
substitute,2712,206063,C2,53.14
supplement,2713,206063,C2,53.14
adjustment,2714,205589,C2,53.13
reasonably,2715,205589,C2,53.13
filter,2716,205589,C2,53.13
flexible,2717,205589,C2,53.13
abstract,2718,205116,C2,53.12
tent,2719,204644,C2,53.11
precise,2720,204644,C2,53.11
distant,2721,204174,C2,53.1
stranger,2722,204174,C2,53.1
shade,2723,203704,C2,53.09
grain,2724,202768,C2,53.07
situate,2725,202768,C2,53.07
summarize,2726,202768,C2,53.07
leap,2727,202768,C2,53.07
snap,2728,202302,C2,53.06
probability,2729,202302,C2,53.06
leather,2730,201837,C2,53.05
uncertainty,2731,201372,C2,53.04
swear,2732,201372,C2,53.04
refugee,2733,200909,C2,53.03
shore,2734,200447,C2,53.02
monthly,2735,199067,C2,52.99
comprise,2736,198609,C2,52.98
stir,2737,198609,C2,52.98
excitement,2738,197697,C2,52.96
sigh,2739,197242,C2,52.95
pregnancy,2740,197242,C2,52.95
experimental,2741,197242,C2,52.95
institutional,2742,196789,C2,52.94
slice,2743,196789,C2,52.94
wander,2744,196789,C2,52.94
empire,2745,196336,C2,52.93
subsequently,2746,196336,C2,52.93
gentle,2747,195434,C2,52.91
attendance,2748,194984,C2,52.9
ownership,2749,194536,C2,52.89
qualification,2750,194536,C2,52.89
suspend,2751,194089,C2,52.88
functional,2752,193642,C2,52.87
voluntary,2753,193197,C2,52.86
pale,2754,193197,C2,52.86
stain,2755,193197,C2,52.86
athlete,2756,192752,C2,52.85
organic,2757,192752,C2,52.85
tongue,2758,192752,C2,52.85
server,2759,191426,C2,52.82
structural,2760,191426,C2,52.82
fool,2761,190985,C2,52.81
alongside,2762,190985,C2,52.81
unite,2763,190546,C2,52.8
gently,2764,190108,C2,52.79
compute,2765,189671,C2,52.78
wipe,2766,188799,C2,52.76
weird,2767,188365,C2,52.75
gaze,2768,187932,C2,52.74
fade,2769,187499,C2,52.73
cough,2770,187499,C2,52.73
hypothesis,2771,186638,C2,52.71
royal,2772,185780,C2,52.69
theoretical,2773,184927,C2,52.67
curtain,2774,184927,C2,52.67
mayor,2775,179887,C2,52.55
darkness,2776,177419,C2,52.49
aunt,2777,175792,C2,52.45
tournament,2778,173780,C2,52.4
registration,2779,172982,C2,52.38
fragment,2780,172982,C2,52.38
listener,2781,170608,C2,52.32
tender,2782,162930,C2,52.12
density,2783,160325,C2,52.05
ugly,2784,158489,C2,52
module,2785,153109,C2,51.85
faithfully,2786,151008,C2,51.79
autumn,2787,149624,C2,51.75
cheek,2788,148936,C2,51.73
attachment,2789,147571,C2,51.69
holder,2790,143880,C2,51.58
grin,2791,124738,C2,50.96
noun,2792,109901,C2,50.41
fortunate,2793,108893,C2,50.37
alright,2794,107647,C2,50.32
lazy,2795,101158,C2,50.05
hello,2796,97499,C2,49.89
hunger,2797,93325,C2,49.7
insure,2798,92257,C2,49.65
ashamed,2799,84723,C2,49.28
found,2800,66988,C2,48.26
thirst,2801,30130,C2,44.79